brand,store_name,address,lat,lng,verification_result,verification_method,distance_from_previous_m,coordinate_changed,google_maps_url,checked_at
宜得利,宜得利 花蓮遠東百貨店,花蓮縣花蓮市和平路581號3樓,23.978381,121.599729,已核對（門市名稱、地址與地圖落點）,官方門市地址＋Google Maps 門市搜尋,0.0,False,https://www.google.com/maps/search/?api=1&query=%E5%AE%9C%E5%BE%97%E5%88%A9%20%E8%8A%B1%E8%93%AE%E9%81%A0%E6%9D%B1%E7%99%BE%E8%B2%A8%E5%BA%97%20%E8%8A%B1%E8%93%AE%E7%B8%A3%E8%8A%B1%E8%93%AE%E5%B8%82%E5%92%8C%E5%B9%B3%E8%B7%AF581%E8%99%9F3%E6%A8%93,2026-09-11
宜得利,宜得利 台北站前新光三越店,台北市中正區忠孝西路一段66號5樓,25.046226,121.515302,已核對（門市名稱、地址與地圖落點）,官方門市地址＋Google Maps 門市搜尋,0.0,False,https://www.google.com/maps/search/?api=1&query=%E5%AE%9C%E5%BE%97%E5%88%A9%20%E5%8F%B0%E5%8C%97%E7%AB%99%E5%89%8D%E6%96%B0%E5%85%89%E4%B8%89%E8%B6%8A%E5%BA%97%20%E5%8F%B0%E5%8C%97%E5%B8%82%E4%B8%AD%E6%AD%A3%E5%8D%80%E5%BF%A0%E5%AD%9D%E8%A5%BF%E8%B7%AF%E4%B8%80%E6%AE%B566%E8%99%9F5%E6%A8%93,2026-09-11
宜得利,宜得利 三重愛買店,新北市三重區中正北路193巷45號2樓,25.071082,121.475585,已核對（門市名稱、地址與地圖落點）,官方門市地址＋Google Maps 門市搜尋,0.0,False,https://www.google.com/maps/search/?api=1&query=%E5%AE%9C%E5%BE%97%E5%88%A9%20%E4%B8%89%E9%87%8D%E6%84%9B%E8%B2%B7%E5%BA%97%20%E6%96%B0%E5%8C%97%E5%B8%82%E4%B8%89%E9%87%8D%E5%8D%80%E4%B8%AD%E6%AD%A3%E5%8C%97%E8%B7%AF193%E5%B7%B745%E8%99%9F2%E6%A8%93,2026-09-11
宜得利,宜得利 台中豐原太平洋百貨店,台中市豐原區復興路2號5樓,24.250768,120.720587,已核對（門市名稱、地址與地圖落點）,官方門市地址＋Google Maps 門市搜尋,0.0,False,https://www.google.com/maps/search/?api=1&query=%E5%AE%9C%E5%BE%97%E5%88%A9%20%E5%8F%B0%E4%B8%AD%E8%B1%90%E5%8E%9F%E5%A4%AA%E5%B9%B3%E6%B4%8B%E7%99%BE%E8%B2%A8%E5%BA%97%20%E5%8F%B0%E4%B8%AD%E5%B8%82%E8%B1%90%E5%8E%9F%E5%8D%80%E5%BE%A9%E8%88%88%E8%B7%AF2%E8%99%9F5%E6%A8%93,2026-09-11
宜得利,宜得利 台北內湖舊宗店,台北市內湖區舊宗路一段150巷25號2F，3F,25.062098,121.576432,已核對（門市名稱、地址與地圖落點）,官方門市地址＋Google Maps 門市搜尋,0.0,False,https://www.google.com/maps/search/?api=1&query=%E5%AE%9C%E5%BE%97%E5%88%A9%20%E5%8F%B0%E5%8C%97%E5%85%A7%E6%B9%96%E8%88%8A%E5%AE%97%E5%BA%97%20%E5%8F%B0%E5%8C%97%E5%B8%82%E5%85%A7%E6%B9%96%E5%8D%80%E8%88%8A%E5%AE%97%E8%B7%AF%E4%B8%80%E6%AE%B5150%E5%B7%B725%E8%99%9F2F%EF%BC%8C3F,2026-09-11
宜得利,宜得利 台北車站地下街店,台北市大同區承德路一段2號B2樓,25.04938,121.516252,已核對（門市名稱、地址與地圖落點）,官方門市地址＋Google Maps 門市搜尋,0.0,False,https://www.google.com/maps/search/?api=1&query=%E5%AE%9C%E5%BE%97%E5%88%A9%20%E5%8F%B0%E5%8C%97%E8%BB%8A%E7%AB%99%E5%9C%B0%E4%B8%8B%E8%A1%97%E5%BA%97%20%E5%8F%B0%E5%8C%97%E5%B8%82%E5%A4%A7%E5%90%8C%E5%8D%80%E6%89%BF%E5%BE%B7%E8%B7%AF%E4%B8%80%E6%AE%B52%E8%99%9FB2%E6%A8%93,2026-09-11
宜得利,宜得利 台北中崙大全聯店,台北市中山區八德路二段306號B2,25.046855,121.542479,已核對（門市名稱、地址與地圖落點）,官方門市地址＋Google Maps 門市搜尋,0.0,False,https://www.google.com/maps/search/?api=1&query=%E5%AE%9C%E5%BE%97%E5%88%A9%20%E5%8F%B0%E5%8C%97%E4%B8%AD%E5%B4%99%E5%A4%A7%E5%85%A8%E8%81%AF%E5%BA%97%20%E5%8F%B0%E5%8C%97%E5%B8%82%E4%B8%AD%E5%B1%B1%E5%8D%80%E5%85%AB%E5%BE%B7%E8%B7%AF%E4%BA%8C%E6%AE%B5306%E8%99%9FB2,2026-09-11
宜得利,宜得利 台北敦北店,台北市松山區敦化北路100號B1,25.052764,121.548529,已核對（門市名稱、地址與地圖落點）,官方門市地址＋Google Maps 門市搜尋,0.0,False,https://www.google.com/maps/search/?api=1&query=%E5%AE%9C%E5%BE%97%E5%88%A9%20%E5%8F%B0%E5%8C%97%E6%95%A6%E5%8C%97%E5%BA%97%20%E5%8F%B0%E5%8C%97%E5%B8%82%E6%9D%BE%E5%B1%B1%E5%8D%80%E6%95%A6%E5%8C%96%E5%8C%97%E8%B7%AF100%E8%99%9FB1,2026-09-11
宜得利,宜得利 台北明曜店,台北市大安區忠孝東路四段200號8樓,25.041241,121.552113,已核對（門市名稱、地址與地圖落點）,官方門市地址＋Google Maps 門市搜尋,0.0,False,https://www.google.com/maps/search/?api=1&query=%E5%AE%9C%E5%BE%97%E5%88%A9%20%E5%8F%B0%E5%8C%97%E6%98%8E%E6%9B%9C%E5%BA%97%20%E5%8F%B0%E5%8C%97%E5%B8%82%E5%A4%A7%E5%AE%89%E5%8D%80%E5%BF%A0%E5%AD%9D%E6%9D%B1%E8%B7%AF%E5%9B%9B%E6%AE%B5200%E8%99%9F8%E6%A8%93,2026-09-11
宜得利,宜得利 DECO HOME台北DREAM PLAZA店,台北市信義區松高路11號4樓,25.039515,121.565242,已核對（門市名稱、地址與地圖落點）,官方門市地址＋Google Maps 門市搜尋,0.0,False,https://www.google.com/maps/search/?api=1&query=%E5%AE%9C%E5%BE%97%E5%88%A9%20DECO%20HOME%E5%8F%B0%E5%8C%97DREAM%20PLAZA%E5%BA%97%20%E5%8F%B0%E5%8C%97%E5%B8%82%E4%BF%A1%E7%BE%A9%E5%8D%80%E6%9D%BE%E9%AB%98%E8%B7%AF11%E8%99%9F4%E6%A8%93,2026-09-11
宜得利,宜得利 台北微風松高店,台北市信義區松高路16號B1,25.038729,121.567277,已核對（門市名稱、地址與地圖落點）,官方門市地址＋Google Maps 門市搜尋,0.0,False,https://www.google.com/maps/search/?api=1&query=%E5%AE%9C%E5%BE%97%E5%88%A9%20%E5%8F%B0%E5%8C%97%E5%BE%AE%E9%A2%A8%E6%9D%BE%E9%AB%98%E5%BA%97%20%E5%8F%B0%E5%8C%97%E5%B8%82%E4%BF%A1%E7%BE%A9%E5%8D%80%E6%9D%BE%E9%AB%98%E8%B7%AF16%E8%99%9FB1,2026-09-11
宜得利,宜得利 台北天母新光三越店,台北市士林區天母東路68號5樓,25.117913,121.533979,已核對（門市名稱、地址與地圖落點）,官方門市地址＋Google Maps 門市搜尋,0.0,False,https://www.google.com/maps/search/?api=1&query=%E5%AE%9C%E5%BE%97%E5%88%A9%20%E5%8F%B0%E5%8C%97%E5%A4%A9%E6%AF%8D%E6%96%B0%E5%85%89%E4%B8%89%E8%B6%8A%E5%BA%97%20%E5%8F%B0%E5%8C%97%E5%B8%82%E5%A3%AB%E6%9E%97%E5%8D%80%E5%A4%A9%E6%AF%8D%E6%9D%B1%E8%B7%AF68%E8%99%9F5%E6%A8%93,2026-09-11
宜得利,宜得利 新竹大遠百店,新竹市北區西大路323號5樓,24.802186,120.965211,已核對（門市名稱、地址與地圖落點）,官方門市地址＋Google Maps 門市搜尋,0.0,False,https://www.google.com/maps/search/?api=1&query=%E5%AE%9C%E5%BE%97%E5%88%A9%20%E6%96%B0%E7%AB%B9%E5%A4%A7%E9%81%A0%E7%99%BE%E5%BA%97%20%E6%96%B0%E7%AB%B9%E5%B8%82%E5%8C%97%E5%8D%80%E8%A5%BF%E5%A4%A7%E8%B7%AF323%E8%99%9F5%E6%A8%93,2026-09-11
宜得利,宜得利 LaLaport南港店,台北市南港區經貿二路131號4樓,25.059345,121.617583,已核對（門市名稱、地址與地圖落點）,官方門市地址＋Google Maps 門市搜尋,0.0,False,https://www.google.com/maps/search/?api=1&query=%E5%AE%9C%E5%BE%97%E5%88%A9%20LaLaport%E5%8D%97%E6%B8%AF%E5%BA%97%20%E5%8F%B0%E5%8C%97%E5%B8%82%E5%8D%97%E6%B8%AF%E5%8D%80%E7%B6%93%E8%B2%BF%E4%BA%8C%E8%B7%AF131%E8%99%9F4%E6%A8%93,2026-09-11
宜得利,宜得利 板橋遠東百貨店,新北市板橋區中山路1段152號9樓,25.01104,121.464423,已核對（門市名稱、地址與地圖落點）,官方門市地址＋Google Maps 門市搜尋,0.0,False,https://www.google.com/maps/search/?api=1&query=%E5%AE%9C%E5%BE%97%E5%88%A9%20%E6%9D%BF%E6%A9%8B%E9%81%A0%E6%9D%B1%E7%99%BE%E8%B2%A8%E5%BA%97%20%E6%96%B0%E5%8C%97%E5%B8%82%E6%9D%BF%E6%A9%8B%E5%8D%80%E4%B8%AD%E5%B1%B1%E8%B7%AF1%E6%AE%B5152%E8%99%9F9%E6%A8%93,2026-09-11
宜得利,宜得利 汐止遠雄店,新北市汐止區新台五路一段99號2樓,25.061622,121.648249,已核對（門市名稱、地址與地圖落點）,官方門市地址＋Google Maps 門市搜尋,0.0,False,https://www.google.com/maps/search/?api=1&query=%E5%AE%9C%E5%BE%97%E5%88%A9%20%E6%B1%90%E6%AD%A2%E9%81%A0%E9%9B%84%E5%BA%97%20%E6%96%B0%E5%8C%97%E5%B8%82%E6%B1%90%E6%AD%A2%E5%8D%80%E6%96%B0%E5%8F%B0%E4%BA%94%E8%B7%AF%E4%B8%80%E6%AE%B599%E8%99%9F2%E6%A8%93,2026-09-11
宜得利,宜得利 永和比漾廣場店,新北市永和區中山路一段238號5樓,25.007836,121.507646,已核對（門市名稱、地址與地圖落點）,官方門市地址＋Google Maps 門市搜尋,0.0,False,https://www.google.com/maps/search/?api=1&query=%E5%AE%9C%E5%BE%97%E5%88%A9%20%E6%B0%B8%E5%92%8C%E6%AF%94%E6%BC%BE%E5%BB%A3%E5%A0%B4%E5%BA%97%20%E6%96%B0%E5%8C%97%E5%B8%82%E6%B0%B8%E5%92%8C%E5%8D%80%E4%B8%AD%E5%B1%B1%E8%B7%AF%E4%B8%80%E6%AE%B5238%E8%99%9F5%E6%A8%93,2026-09-11
宜得利,宜得利 中和景平大全聯店,新北市中和區景平路182號B1,24.992377,121.516453,已核對（門市名稱、地址與地圖落點）,官方門市地址＋Google Maps 門市搜尋,0.0,False,https://www.google.com/maps/search/?api=1&query=%E5%AE%9C%E5%BE%97%E5%88%A9%20%E4%B8%AD%E5%92%8C%E6%99%AF%E5%B9%B3%E5%A4%A7%E5%85%A8%E8%81%AF%E5%BA%97%20%E6%96%B0%E5%8C%97%E5%B8%82%E4%B8%AD%E5%92%8C%E5%8D%80%E6%99%AF%E5%B9%B3%E8%B7%AF182%E8%99%9FB1,2026-09-11
宜得利,宜得利 Mitsui Outlet Park林口店,新北市林口區文化三路一段356號1樓,25.071241,121.363547,已核對（門市名稱、地址與地圖落點）,官方門市地址＋Google Maps 門市搜尋,0.0,False,https://www.google.com/maps/search/?api=1&query=%E5%AE%9C%E5%BE%97%E5%88%A9%20Mitsui%20Outlet%20Park%E6%9E%97%E5%8F%A3%E5%BA%97%20%E6%96%B0%E5%8C%97%E5%B8%82%E6%9E%97%E5%8F%A3%E5%8D%80%E6%96%87%E5%8C%96%E4%B8%89%E8%B7%AF%E4%B8%80%E6%AE%B5356%E8%99%9F1%E6%A8%93,2026-09-11
宜得利,宜得利 中和環球店,新北市中和區中山路3段122號,25.006077,121.475689,已核對（門市名稱、地址與地圖落點）,官方門市地址＋Google Maps 門市搜尋,0.0,False,https://www.google.com/maps/search/?api=1&query=%E5%AE%9C%E5%BE%97%E5%88%A9%20%E4%B8%AD%E5%92%8C%E7%92%B0%E7%90%83%E5%BA%97%20%E6%96%B0%E5%8C%97%E5%B8%82%E4%B8%AD%E5%92%8C%E5%8D%80%E4%B8%AD%E5%B1%B1%E8%B7%AF3%E6%AE%B5122%E8%99%9F,2026-09-11
宜得利,宜得利 土城大全聯店,新北市土城區永安街25號,24.964461,121.43336,已核對（門市名稱、地址與地圖落點）,官方門市地址＋Google Maps 門市搜尋,0.0,False,https://www.google.com/maps/search/?api=1&query=%E5%AE%9C%E5%BE%97%E5%88%A9%20%E5%9C%9F%E5%9F%8E%E5%A4%A7%E5%85%A8%E8%81%AF%E5%BA%97%20%E6%96%B0%E5%8C%97%E5%B8%82%E5%9C%9F%E5%9F%8E%E5%8D%80%E6%B0%B8%E5%AE%89%E8%A1%9725%E8%99%9F,2026-09-11
宜得利,宜得利 樹林秀泰店,新北市樹林區樹新路40-6號5樓(秀泰生活樹林店5樓),24.995447,121.428338,已核對（門市名稱、地址與地圖落點）,官方門市地址＋Google Maps 門市搜尋,0.0,False,https://www.google.com/maps/search/?api=1&query=%E5%AE%9C%E5%BE%97%E5%88%A9%20%E6%A8%B9%E6%9E%97%E7%A7%80%E6%B3%B0%E5%BA%97%20%E6%96%B0%E5%8C%97%E5%B8%82%E6%A8%B9%E6%9E%97%E5%8D%80%E6%A8%B9%E6%96%B0%E8%B7%AF40-6%E8%99%9F5%E6%A8%93%28%E7%A7%80%E6%B3%B0%E7%94%9F%E6%B4%BB%E6%A8%B9%E6%9E%97%E5%BA%975%E6%A8%93%29,2026-09-11
宜得利,宜得利 重新店,新北市三重區重新路五段654號B1,25.04307,121.467123,已核對（門市名稱、地址與地圖落點）,官方門市地址＋Google Maps 門市搜尋,0.0,False,https://www.google.com/maps/search/?api=1&query=%E5%AE%9C%E5%BE%97%E5%88%A9%20%E9%87%8D%E6%96%B0%E5%BA%97%20%E6%96%B0%E5%8C%97%E5%B8%82%E4%B8%89%E9%87%8D%E5%8D%80%E9%87%8D%E6%96%B0%E8%B7%AF%E4%BA%94%E6%AE%B5654%E8%99%9FB1,2026-09-11
宜得利,宜得利 新莊店,新北市新莊區幸福路763號3F,25.049006,121.447974,已核對（門市名稱、地址與地圖落點）,官方門市地址＋Google Maps 門市搜尋,0.0,False,https://www.google.com/maps/search/?api=1&query=%E5%AE%9C%E5%BE%97%E5%88%A9%20%E6%96%B0%E8%8E%8A%E5%BA%97%20%E6%96%B0%E5%8C%97%E5%B8%82%E6%96%B0%E8%8E%8A%E5%8D%80%E5%B9%B8%E7%A6%8F%E8%B7%AF763%E8%99%9F3F,2026-09-11
宜得利,宜得利 林口店,新北市林口區文化三路二段16號B1,25.078652,121.373489,已核對（門市名稱、地址與地圖落點）,官方門市地址＋Google Maps 門市搜尋,0.0,False,https://www.google.com/maps/search/?api=1&query=%E5%AE%9C%E5%BE%97%E5%88%A9%20%E6%9E%97%E5%8F%A3%E5%BA%97%20%E6%96%B0%E5%8C%97%E5%B8%82%E6%9E%97%E5%8F%A3%E5%8D%80%E6%96%87%E5%8C%96%E4%B8%89%E8%B7%AF%E4%BA%8C%E6%AE%B516%E8%99%9FB1,2026-09-11
宜得利,宜得利 淡水店,新北市淡水區中山北路二段383號3F,25.188174,121.443592,已核對（門市名稱、地址與地圖落點）,官方門市地址＋Google Maps 門市搜尋,0.0,False,https://www.google.com/maps/search/?api=1&query=%E5%AE%9C%E5%BE%97%E5%88%A9%20%E6%B7%A1%E6%B0%B4%E5%BA%97%20%E6%96%B0%E5%8C%97%E5%B8%82%E6%B7%A1%E6%B0%B4%E5%8D%80%E4%B8%AD%E5%B1%B1%E5%8C%97%E8%B7%AF%E4%BA%8C%E6%AE%B5383%E8%99%9F3F,2026-09-11
宜得利,宜得利 宜蘭站前店,宜蘭縣宜蘭市宜興路一段159號2樓,24.751773,121.756303,已核對（門市名稱、地址與地圖落點）,官方門市地址＋Google Maps 門市搜尋,0.0,False,https://www.google.com/maps/search/?api=1&query=%E5%AE%9C%E5%BE%97%E5%88%A9%20%E5%AE%9C%E8%98%AD%E7%AB%99%E5%89%8D%E5%BA%97%20%E5%AE%9C%E8%98%AD%E7%B8%A3%E5%AE%9C%E8%98%AD%E5%B8%82%E5%AE%9C%E8%88%88%E8%B7%AF%E4%B8%80%E6%AE%B5159%E8%99%9F2%E6%A8%93,2026-09-11
宜得利,宜得利 宜蘭羅東店,宜蘭縣羅東鎮民生路6號4樓,24.676705,121.770921,已核對（門市名稱、地址與地圖落點）,官方門市地址＋Google Maps 門市搜尋,0.0,False,https://www.google.com/maps/search/?api=1&query=%E5%AE%9C%E5%BE%97%E5%88%A9%20%E5%AE%9C%E8%98%AD%E7%BE%85%E6%9D%B1%E5%BA%97%20%E5%AE%9C%E8%98%AD%E7%B8%A3%E7%BE%85%E6%9D%B1%E9%8E%AE%E6%B0%91%E7%94%9F%E8%B7%AF6%E8%99%9F4%E6%A8%93,2026-09-11
宜得利,宜得利 新竹大魯閣湳雅店,新竹市北區大雅路88號1樓,24.816323,120.970226,已核對（門市名稱、地址與地圖落點）,官方門市地址＋Google Maps 門市搜尋,0.0,False,https://www.google.com/maps/search/?api=1&query=%E5%AE%9C%E5%BE%97%E5%88%A9%20%E6%96%B0%E7%AB%B9%E5%A4%A7%E9%AD%AF%E9%96%A3%E6%B9%B3%E9%9B%85%E5%BA%97%20%E6%96%B0%E7%AB%B9%E5%B8%82%E5%8C%97%E5%8D%80%E5%A4%A7%E9%9B%85%E8%B7%AF88%E8%99%9F1%E6%A8%93,2026-09-11
宜得利,宜得利 新竹巨城店,新竹市中央路229號B1F,24.809384,120.975509,已核對（門市名稱、地址與地圖落點）,官方門市地址＋Google Maps 門市搜尋,0.0,False,https://www.google.com/maps/search/?api=1&query=%E5%AE%9C%E5%BE%97%E5%88%A9%20%E6%96%B0%E7%AB%B9%E5%B7%A8%E5%9F%8E%E5%BA%97%20%E6%96%B0%E7%AB%B9%E5%B8%82%E4%B8%AD%E5%A4%AE%E8%B7%AF229%E8%99%9FB1F,2026-09-11
宜得利,宜得利 竹北享平方店,新竹縣竹北市自強南路36號2F,24.818461,121.026914,已核對（門市名稱、地址與地圖落點）,官方門市地址＋Google Maps 門市搜尋,0.0,False,https://www.google.com/maps/search/?api=1&query=%E5%AE%9C%E5%BE%97%E5%88%A9%20%E7%AB%B9%E5%8C%97%E4%BA%AB%E5%B9%B3%E6%96%B9%E5%BA%97%20%E6%96%B0%E7%AB%B9%E7%B8%A3%E7%AB%B9%E5%8C%97%E5%B8%82%E8%87%AA%E5%BC%B7%E5%8D%97%E8%B7%AF36%E8%99%9F2F,2026-09-11
宜得利,宜得利 中壢店,桃園市中壢區中華路一段480號,24.970996,121.25349,已核對（門市名稱、地址與地圖落點）,官方門市地址＋Google Maps 門市搜尋,0.0,False,https://www.google.com/maps/search/?api=1&query=%E5%AE%9C%E5%BE%97%E5%88%A9%20%E4%B8%AD%E5%A3%A2%E5%BA%97%20%E6%A1%83%E5%9C%92%E5%B8%82%E4%B8%AD%E5%A3%A2%E5%8D%80%E4%B8%AD%E8%8F%AF%E8%B7%AF%E4%B8%80%E6%AE%B5480%E8%99%9F,2026-09-11
宜得利,宜得利 桃園平鎮大全聯店,桃園市平鎮區南東路57-1號2樓,24.920873,121.212984,已核對（門市名稱、地址與地圖落點）,官方門市地址＋Google Maps 門市搜尋,0.0,False,https://www.google.com/maps/search/?api=1&query=%E5%AE%9C%E5%BE%97%E5%88%A9%20%E6%A1%83%E5%9C%92%E5%B9%B3%E9%8E%AE%E5%A4%A7%E5%85%A8%E8%81%AF%E5%BA%97%20%E6%A1%83%E5%9C%92%E5%B8%82%E5%B9%B3%E9%8E%AE%E5%8D%80%E5%8D%97%E6%9D%B1%E8%B7%AF57-1%E8%99%9F2%E6%A8%93,2026-09-11
宜得利,宜得利 桃園愛買店,桃園市桃園區中山路939號,24.986492,121.284795,已核對（門市名稱、地址與地圖落點）,官方門市地址＋Google Maps 門市搜尋,0.0,False,https://www.google.com/maps/search/?api=1&query=%E5%AE%9C%E5%BE%97%E5%88%A9%20%E6%A1%83%E5%9C%92%E6%84%9B%E8%B2%B7%E5%BA%97%20%E6%A1%83%E5%9C%92%E5%B8%82%E6%A1%83%E5%9C%92%E5%8D%80%E4%B8%AD%E5%B1%B1%E8%B7%AF939%E8%99%9F,2026-09-11
宜得利,宜得利 桃園環球A8店,桃園市龜山區復興一路8號B1,25.060215,121.369497,已核對（門市名稱、地址與地圖落點）,官方門市地址＋Google Maps 門市搜尋,0.0,False,https://www.google.com/maps/search/?api=1&query=%E5%AE%9C%E5%BE%97%E5%88%A9%20%E6%A1%83%E5%9C%92%E7%92%B0%E7%90%83A8%E5%BA%97%20%E6%A1%83%E5%9C%92%E5%B8%82%E9%BE%9C%E5%B1%B1%E5%8D%80%E5%BE%A9%E8%88%88%E4%B8%80%E8%B7%AF8%E8%99%9FB1,2026-09-11
宜得利,宜得利 桃園八德萬家福店,桃園市八德區介壽路一段728號B2,24.965043,121.299024,已核對（門市名稱、地址與地圖落點）,官方門市地址＋Google Maps 門市搜尋,0.0,False,https://www.google.com/maps/search/?api=1&query=%E5%AE%9C%E5%BE%97%E5%88%A9%20%E6%A1%83%E5%9C%92%E5%85%AB%E5%BE%B7%E8%90%AC%E5%AE%B6%E7%A6%8F%E5%BA%97%20%E6%A1%83%E5%9C%92%E5%B8%82%E5%85%AB%E5%BE%B7%E5%8D%80%E4%BB%8B%E5%A3%BD%E8%B7%AF%E4%B8%80%E6%AE%B5728%E8%99%9FB2,2026-09-11
宜得利,宜得利 苗栗店,苗栗縣苗栗市國華路599號1樓,24.574052,120.817621,已核對（門市名稱、地址與地圖落點）,官方門市地址＋Google Maps 門市搜尋,0.0,False,https://www.google.com/maps/search/?api=1&query=%E5%AE%9C%E5%BE%97%E5%88%A9%20%E8%8B%97%E6%A0%97%E5%BA%97%20%E8%8B%97%E6%A0%97%E7%B8%A3%E8%8B%97%E6%A0%97%E5%B8%82%E5%9C%8B%E8%8F%AF%E8%B7%AF599%E8%99%9F1%E6%A8%93,2026-09-11
宜得利,宜得利 桃園台茂店,桃園市蘆竹區南崁路一段112號B2F,25.053001,121.287749,已核對（門市名稱、地址與地圖落點）,官方門市地址＋Google Maps 門市搜尋,0.0,False,https://www.google.com/maps/search/?api=1&query=%E5%AE%9C%E5%BE%97%E5%88%A9%20%E6%A1%83%E5%9C%92%E5%8F%B0%E8%8C%82%E5%BA%97%20%E6%A1%83%E5%9C%92%E5%B8%82%E8%98%86%E7%AB%B9%E5%8D%80%E5%8D%97%E5%B4%81%E8%B7%AF%E4%B8%80%E6%AE%B5112%E8%99%9FB2F,2026-09-11
宜得利,宜得利 苗栗頭份大全聯店,苗栗縣頭份市自強路230號,24.68628,120.90377,已核對（門市名稱、地址與地圖落點）,官方門市地址＋Google Maps 門市搜尋,0.0,False,https://www.google.com/maps/search/?api=1&query=%E5%AE%9C%E5%BE%97%E5%88%A9%20%E8%8B%97%E6%A0%97%E9%A0%AD%E4%BB%BD%E5%A4%A7%E5%85%A8%E8%81%AF%E5%BA%97%20%E8%8B%97%E6%A0%97%E7%B8%A3%E9%A0%AD%E4%BB%BD%E5%B8%82%E8%87%AA%E5%BC%B7%E8%B7%AF230%E8%99%9F,2026-09-11
宜得利,宜得利 DECO HOME LaLaport台中店,台中市東區進德路600號1樓(北館),24.140496,120.692468,已核對（門市名稱、地址與地圖落點）,官方門市地址＋Google Maps 門市搜尋,0.0,False,https://www.google.com/maps/search/?api=1&query=%E5%AE%9C%E5%BE%97%E5%88%A9%20DECO%20HOME%20LaLaport%E5%8F%B0%E4%B8%AD%E5%BA%97%20%E5%8F%B0%E4%B8%AD%E5%B8%82%E6%9D%B1%E5%8D%80%E9%80%B2%E5%BE%B7%E8%B7%AF600%E8%99%9F1%E6%A8%93%28%E5%8C%97%E9%A4%A8%29,2026-09-11
宜得利,宜得利 LaLaport台中店,台中市東區進德路700號3樓,24.140496,120.692468,已核對（門市名稱、地址與地圖落點）,官方門市地址＋Google Maps 門市搜尋,0.0,False,https://www.google.com/maps/search/?api=1&query=%E5%AE%9C%E5%BE%97%E5%88%A9%20LaLaport%E5%8F%B0%E4%B8%AD%E5%BA%97%20%E5%8F%B0%E4%B8%AD%E5%B8%82%E6%9D%B1%E5%8D%80%E9%80%B2%E5%BE%B7%E8%B7%AF700%E8%99%9F3%E6%A8%93,2026-09-11
宜得利,宜得利 台中新時代店,台中市東區復興路四段186號8樓,24.135473,120.687674,已核對（門市名稱、地址與地圖落點）,官方門市地址＋Google Maps 門市搜尋,0.0,False,https://www.google.com/maps/search/?api=1&query=%E5%AE%9C%E5%BE%97%E5%88%A9%20%E5%8F%B0%E4%B8%AD%E6%96%B0%E6%99%82%E4%BB%A3%E5%BA%97%20%E5%8F%B0%E4%B8%AD%E5%B8%82%E6%9D%B1%E5%8D%80%E5%BE%A9%E8%88%88%E8%B7%AF%E5%9B%9B%E6%AE%B5186%E8%99%9F8%E6%A8%93,2026-09-11
宜得利,宜得利 台中廣三SOGO店,台中市西區台灣大道二段459號7樓,24.155267,120.661778,已核對（門市名稱、地址與地圖落點）,官方門市地址＋Google Maps 門市搜尋,0.0,False,https://www.google.com/maps/search/?api=1&query=%E5%AE%9C%E5%BE%97%E5%88%A9%20%E5%8F%B0%E4%B8%AD%E5%BB%A3%E4%B8%89SOGO%E5%BA%97%20%E5%8F%B0%E4%B8%AD%E5%B8%82%E8%A5%BF%E5%8D%80%E5%8F%B0%E7%81%A3%E5%A4%A7%E9%81%93%E4%BA%8C%E6%AE%B5459%E8%99%9F7%E6%A8%93,2026-09-11
宜得利,宜得利 台中中友百貨店,台中市北區三民路三段161號A棟7樓,24.152562,120.685149,已核對（門市名稱、地址與地圖落點）,官方門市地址＋Google Maps 門市搜尋,0.0,False,https://www.google.com/maps/search/?api=1&query=%E5%AE%9C%E5%BE%97%E5%88%A9%20%E5%8F%B0%E4%B8%AD%E4%B8%AD%E5%8F%8B%E7%99%BE%E8%B2%A8%E5%BA%97%20%E5%8F%B0%E4%B8%AD%E5%B8%82%E5%8C%97%E5%8D%80%E4%B8%89%E6%B0%91%E8%B7%AF%E4%B8%89%E6%AE%B5161%E8%99%9FA%E6%A3%9F7%E6%A8%93,2026-09-11
宜得利,宜得利 台中忠明大全聯店,台中市北區忠明路499號2樓,24.163469,120.672005,已核對（門市名稱、地址與地圖落點）,官方門市地址＋Google Maps 門市搜尋,0.0,False,https://www.google.com/maps/search/?api=1&query=%E5%AE%9C%E5%BE%97%E5%88%A9%20%E5%8F%B0%E4%B8%AD%E5%BF%A0%E6%98%8E%E5%A4%A7%E5%85%A8%E8%81%AF%E5%BA%97%20%E5%8F%B0%E4%B8%AD%E5%B8%82%E5%8C%97%E5%8D%80%E5%BF%A0%E6%98%8E%E8%B7%AF499%E8%99%9F2%E6%A8%93,2026-09-11
宜得利,宜得利 新店裕隆城店,新北市新店區中興路三段70號5樓,24.977749,121.546363,已核對（門市名稱、地址與地圖落點）,官方門市地址＋Google Maps 門市搜尋,0.0,False,https://www.google.com/maps/search/?api=1&query=%E5%AE%9C%E5%BE%97%E5%88%A9%20%E6%96%B0%E5%BA%97%E8%A3%95%E9%9A%86%E5%9F%8E%E5%BA%97%20%E6%96%B0%E5%8C%97%E5%B8%82%E6%96%B0%E5%BA%97%E5%8D%80%E4%B8%AD%E8%88%88%E8%B7%AF%E4%B8%89%E6%AE%B570%E8%99%9F5%E6%A8%93,2026-09-11
宜得利,宜得利 桃園遠東百貨店,桃園市桃園區中正路20號6樓,25.044295,121.294049,已核對（門市名稱、地址與地圖落點）,官方門市地址＋Google Maps 門市搜尋,0.0,False,https://www.google.com/maps/search/?api=1&query=%E5%AE%9C%E5%BE%97%E5%88%A9%20%E6%A1%83%E5%9C%92%E9%81%A0%E6%9D%B1%E7%99%BE%E8%B2%A8%E5%BA%97%20%E6%A1%83%E5%9C%92%E5%B8%82%E6%A1%83%E5%9C%92%E5%8D%80%E4%B8%AD%E6%AD%A3%E8%B7%AF20%E8%99%9F6%E6%A8%93,2026-09-11
宜得利,宜得利 台中水湳愛買店,台中市北屯區中清路二段1199號,24.19401,120.658965,已核對（門市名稱、地址與地圖落點）,官方門市地址＋Google Maps 門市搜尋,0.0,False,https://www.google.com/maps/search/?api=1&query=%E5%AE%9C%E5%BE%97%E5%88%A9%20%E5%8F%B0%E4%B8%AD%E6%B0%B4%E6%B9%B3%E6%84%9B%E8%B2%B7%E5%BA%97%20%E5%8F%B0%E4%B8%AD%E5%B8%82%E5%8C%97%E5%B1%AF%E5%8D%80%E4%B8%AD%E6%B8%85%E8%B7%AF%E4%BA%8C%E6%AE%B51199%E8%99%9F,2026-09-11
宜得利,宜得利 北屯大買家店,台中市北屯路370號B1,24.175903,120.699654,已核對（門市名稱、地址與地圖落點）,官方門市地址＋Google Maps 門市搜尋,0.0,False,https://www.google.com/maps/search/?api=1&query=%E5%AE%9C%E5%BE%97%E5%88%A9%20%E5%8C%97%E5%B1%AF%E5%A4%A7%E8%B2%B7%E5%AE%B6%E5%BA%97%20%E5%8F%B0%E4%B8%AD%E5%B8%82%E5%8C%97%E5%B1%AF%E8%B7%AF370%E8%99%9FB1,2026-09-11
宜得利,宜得利 台中西屯店,台中市西屯區台灣大道四段1086號2樓,24.183939,120.614733,已核對（門市名稱、地址與地圖落點）,官方門市地址＋Google Maps 門市搜尋,0.0,False,https://www.google.com/maps/search/?api=1&query=%E5%AE%9C%E5%BE%97%E5%88%A9%20%E5%8F%B0%E4%B8%AD%E8%A5%BF%E5%B1%AF%E5%BA%97%20%E5%8F%B0%E4%B8%AD%E5%B8%82%E8%A5%BF%E5%B1%AF%E5%8D%80%E5%8F%B0%E7%81%A3%E5%A4%A7%E9%81%93%E5%9B%9B%E6%AE%B51086%E8%99%9F2%E6%A8%93,2026-09-11
宜得利,宜得利 台中文心秀泰店,台中市南屯區文心南路289號B1,24.129285,120.646017,已核對（門市名稱、地址與地圖落點）,官方門市地址＋Google Maps 門市搜尋,0.0,False,https://www.google.com/maps/search/?api=1&query=%E5%AE%9C%E5%BE%97%E5%88%A9%20%E5%8F%B0%E4%B8%AD%E6%96%87%E5%BF%83%E7%A7%80%E6%B3%B0%E5%BA%97%20%E5%8F%B0%E4%B8%AD%E5%B8%82%E5%8D%97%E5%B1%AF%E5%8D%80%E6%96%87%E5%BF%83%E5%8D%97%E8%B7%AF289%E8%99%9FB1,2026-09-11
宜得利,宜得利 台中國光大買家,台中市大里區國光路二段710號B1,24.115687,120.679597,已核對（門市名稱、地址與地圖落點）,官方門市地址＋Google Maps 門市搜尋,0.0,False,https://www.google.com/maps/search/?api=1&query=%E5%AE%9C%E5%BE%97%E5%88%A9%20%E5%8F%B0%E4%B8%AD%E5%9C%8B%E5%85%89%E5%A4%A7%E8%B2%B7%E5%AE%B6%20%E5%8F%B0%E4%B8%AD%E5%B8%82%E5%A4%A7%E9%87%8C%E5%8D%80%E5%9C%8B%E5%85%89%E8%B7%AF%E4%BA%8C%E6%AE%B5710%E8%99%9FB1,2026-09-11
宜得利,宜得利 彰化萬家福店,彰化縣彰化市金馬路二段321號,24.09448,120.542419,已核對（門市名稱、地址與地圖落點）,官方門市地址＋Google Maps 門市搜尋,0.0,False,https://www.google.com/maps/search/?api=1&query=%E5%AE%9C%E5%BE%97%E5%88%A9%20%E5%BD%B0%E5%8C%96%E8%90%AC%E5%AE%B6%E7%A6%8F%E5%BA%97%20%E5%BD%B0%E5%8C%96%E7%B8%A3%E5%BD%B0%E5%8C%96%E5%B8%82%E9%87%91%E9%A6%AC%E8%B7%AF%E4%BA%8C%E6%AE%B5321%E8%99%9F,2026-09-11
宜得利,宜得利 彰化員林大全聯店,彰化縣埔心鄉中山路319號2樓,23.942292,120.560978,已核對（門市名稱、地址與地圖落點）,官方門市地址＋Google Maps 門市搜尋,0.0,False,https://www.google.com/maps/search/?api=1&query=%E5%AE%9C%E5%BE%97%E5%88%A9%20%E5%BD%B0%E5%8C%96%E5%93%A1%E6%9E%97%E5%A4%A7%E5%85%A8%E8%81%AF%E5%BA%97%20%E5%BD%B0%E5%8C%96%E7%B8%A3%E5%9F%94%E5%BF%83%E9%84%89%E4%B8%AD%E5%B1%B1%E8%B7%AF319%E8%99%9F2%E6%A8%93,2026-09-11
宜得利,宜得利 南投萬家福店,南投縣南投市三和三路21號B1,23.906009,120.689222,已核對（門市名稱、地址與地圖落點）,官方門市地址＋Google Maps 門市搜尋,0.0,False,https://www.google.com/maps/search/?api=1&query=%E5%AE%9C%E5%BE%97%E5%88%A9%20%E5%8D%97%E6%8A%95%E8%90%AC%E5%AE%B6%E7%A6%8F%E5%BA%97%20%E5%8D%97%E6%8A%95%E7%B8%A3%E5%8D%97%E6%8A%95%E5%B8%82%E4%B8%89%E5%92%8C%E4%B8%89%E8%B7%AF21%E8%99%9FB1,2026-09-11
宜得利,宜得利 嘉義耐斯店,嘉義市東區忠孝路600號4樓,23.496523,120.452527,已核對（門市名稱、地址與地圖落點）,官方門市地址＋Google Maps 門市搜尋,0.0,False,https://www.google.com/maps/search/?api=1&query=%E5%AE%9C%E5%BE%97%E5%88%A9%20%E5%98%89%E7%BE%A9%E8%80%90%E6%96%AF%E5%BA%97%20%E5%98%89%E7%BE%A9%E5%B8%82%E6%9D%B1%E5%8D%80%E5%BF%A0%E5%AD%9D%E8%B7%AF600%E8%99%9F4%E6%A8%93,2026-09-11
宜得利,宜得利 嘉義大全聯店,嘉義市西區博愛路2段281號B1F,23.4785,120.437299,已核對（門市名稱、地址與地圖落點）,官方門市地址＋Google Maps 門市搜尋,0.0,False,https://www.google.com/maps/search/?api=1&query=%E5%AE%9C%E5%BE%97%E5%88%A9%20%E5%98%89%E7%BE%A9%E5%A4%A7%E5%85%A8%E8%81%AF%E5%BA%97%20%E5%98%89%E7%BE%A9%E5%B8%82%E8%A5%BF%E5%8D%80%E5%8D%9A%E6%84%9B%E8%B7%AF2%E6%AE%B5281%E8%99%9FB1F,2026-09-11
宜得利,宜得利 雲林斗六店,雲林縣斗六市雲林路二段297號,23.702154,120.530572,已核對（門市名稱、地址與地圖落點）,官方門市地址＋Google Maps 門市搜尋,0.0,False,https://www.google.com/maps/search/?api=1&query=%E5%AE%9C%E5%BE%97%E5%88%A9%20%E9%9B%B2%E6%9E%97%E6%96%97%E5%85%AD%E5%BA%97%20%E9%9B%B2%E6%9E%97%E7%B8%A3%E6%96%97%E5%85%AD%E5%B8%82%E9%9B%B2%E6%9E%97%E8%B7%AF%E4%BA%8C%E6%AE%B5297%E8%99%9F,2026-09-11
宜得利,宜得利 台南中山新光三越店,台南市中西區中山路162號5F,22.995455,120.209894,已核對（門市名稱、地址與地圖落點）,官方門市地址＋Google Maps 門市搜尋,0.0,False,https://www.google.com/maps/search/?api=1&query=%E5%AE%9C%E5%BE%97%E5%88%A9%20%E5%8F%B0%E5%8D%97%E4%B8%AD%E5%B1%B1%E6%96%B0%E5%85%89%E4%B8%89%E8%B6%8A%E5%BA%97%20%E5%8F%B0%E5%8D%97%E5%B8%82%E4%B8%AD%E8%A5%BF%E5%8D%80%E4%B8%AD%E5%B1%B1%E8%B7%AF162%E8%99%9F5F,2026-09-11
宜得利,宜得利 台南頂美店,台南市中西區中華西路二段685號,23.00212,120.186815,已核對（門市名稱、地址與地圖落點）,官方門市地址＋Google Maps 門市搜尋,0.0,False,https://www.google.com/maps/search/?api=1&query=%E5%AE%9C%E5%BE%97%E5%88%A9%20%E5%8F%B0%E5%8D%97%E9%A0%82%E7%BE%8E%E5%BA%97%20%E5%8F%B0%E5%8D%97%E5%B8%82%E4%B8%AD%E8%A5%BF%E5%8D%80%E4%B8%AD%E8%8F%AF%E8%A5%BF%E8%B7%AF%E4%BA%8C%E6%AE%B5685%E8%99%9F,2026-09-11
宜得利,宜得利 台南南紡店,台南市東區中華東路一段358號4F,22.992026,120.233646,已核對（門市名稱、地址與地圖落點）,官方門市地址＋Google Maps 門市搜尋,0.0,False,https://www.google.com/maps/search/?api=1&query=%E5%AE%9C%E5%BE%97%E5%88%A9%20%E5%8F%B0%E5%8D%97%E5%8D%97%E7%B4%A1%E5%BA%97%20%E5%8F%B0%E5%8D%97%E5%B8%82%E6%9D%B1%E5%8D%80%E4%B8%AD%E8%8F%AF%E6%9D%B1%E8%B7%AF%E4%B8%80%E6%AE%B5358%E8%99%9F4F,2026-09-11
宜得利,宜得利 DECO HOME Mitsui Outlet Park台南店,台南市歸仁區歸仁大道101號1樓,22.925389,120.28725,已核對（門市名稱、地址與地圖落點）,官方門市地址＋Google Maps 門市搜尋,0.0,False,https://www.google.com/maps/search/?api=1&query=%E5%AE%9C%E5%BE%97%E5%88%A9%20DECO%20HOME%20Mitsui%20Outlet%20Park%E5%8F%B0%E5%8D%97%E5%BA%97%20%E5%8F%B0%E5%8D%97%E5%B8%82%E6%AD%B8%E4%BB%81%E5%8D%80%E6%AD%B8%E4%BB%81%E5%A4%A7%E9%81%93101%E8%99%9F1%E6%A8%93,2026-09-11
宜得利,宜得利 台南仁德店,台南市仁德區中山路777號2F,22.972865,120.245935,已核對（門市名稱、地址與地圖落點）,官方門市地址＋Google Maps 門市搜尋,0.0,False,https://www.google.com/maps/search/?api=1&query=%E5%AE%9C%E5%BE%97%E5%88%A9%20%E5%8F%B0%E5%8D%97%E4%BB%81%E5%BE%B7%E5%BA%97%20%E5%8F%B0%E5%8D%97%E5%B8%82%E4%BB%81%E5%BE%B7%E5%8D%80%E4%B8%AD%E5%B1%B1%E8%B7%AF777%E8%99%9F2F,2026-09-11
宜得利,宜得利 高雄大立百貨店,高雄市前金區五福三路59號6樓&7樓(大立百貨B館),22.621615,120.297618,已核對（門市名稱、地址與地圖落點）,官方門市地址＋Google Maps 門市搜尋,0.0,False,https://www.google.com/maps/search/?api=1&query=%E5%AE%9C%E5%BE%97%E5%88%A9%20%E9%AB%98%E9%9B%84%E5%A4%A7%E7%AB%8B%E7%99%BE%E8%B2%A8%E5%BA%97%20%E9%AB%98%E9%9B%84%E5%B8%82%E5%89%8D%E9%87%91%E5%8D%80%E4%BA%94%E7%A6%8F%E4%B8%89%E8%B7%AF59%E8%99%9F6%E6%A8%93%267%E6%A8%93%28%E5%A4%A7%E7%AB%8B%E7%99%BE%E8%B2%A8B%E9%A4%A8%29,2026-09-11
宜得利,宜得利 DECO HOME高雄漢神巨蛋店,高雄市左營區博愛二路777號B1,22.669549,120.303159,已核對（門市名稱、地址與地圖落點）,官方門市地址＋Google Maps 門市搜尋,0.0,False,https://www.google.com/maps/search/?api=1&query=%E5%AE%9C%E5%BE%97%E5%88%A9%20DECO%20HOME%E9%AB%98%E9%9B%84%E6%BC%A2%E7%A5%9E%E5%B7%A8%E8%9B%8B%E5%BA%97%20%E9%AB%98%E9%9B%84%E5%B8%82%E5%B7%A6%E7%87%9F%E5%8D%80%E5%8D%9A%E6%84%9B%E4%BA%8C%E8%B7%AF777%E8%99%9FB1,2026-09-11
宜得利,宜得利 高雄苓雅中正一店,"高雄市苓雅區中正一路374,376號",22.628468,120.331352,已核對（門市名稱、地址與地圖落點）,官方門市地址＋Google Maps 門市搜尋,0.0,False,https://www.google.com/maps/search/?api=1&query=%E5%AE%9C%E5%BE%97%E5%88%A9%20%E9%AB%98%E9%9B%84%E8%8B%93%E9%9B%85%E4%B8%AD%E6%AD%A3%E4%B8%80%E5%BA%97%20%E9%AB%98%E9%9B%84%E5%B8%82%E8%8B%93%E9%9B%85%E5%8D%80%E4%B8%AD%E6%AD%A3%E4%B8%80%E8%B7%AF374%2C376%E8%99%9F,2026-09-11
宜得利,宜得利 高雄大遠百店,高雄市苓雅區三多四路21號10樓,22.613424,120.303549,已核對（門市名稱、地址與地圖落點）,官方門市地址＋Google Maps 門市搜尋,0.0,False,https://www.google.com/maps/search/?api=1&query=%E5%AE%9C%E5%BE%97%E5%88%A9%20%E9%AB%98%E9%9B%84%E5%A4%A7%E9%81%A0%E7%99%BE%E5%BA%97%20%E9%AB%98%E9%9B%84%E5%B8%82%E8%8B%93%E9%9B%85%E5%8D%80%E4%B8%89%E5%A4%9A%E5%9B%9B%E8%B7%AF21%E8%99%9F10%E6%A8%93,2026-09-11
宜得利,宜得利 高雄夢時代店,高雄市前鎮區中華五路789號2樓,22.595343,120.30878,已核對（門市名稱、地址與地圖落點）,官方門市地址＋Google Maps 門市搜尋,0.0,False,https://www.google.com/maps/search/?api=1&query=%E5%AE%9C%E5%BE%97%E5%88%A9%20%E9%AB%98%E9%9B%84%E5%A4%A2%E6%99%82%E4%BB%A3%E5%BA%97%20%E9%AB%98%E9%9B%84%E5%B8%82%E5%89%8D%E9%8E%AE%E5%8D%80%E4%B8%AD%E8%8F%AF%E4%BA%94%E8%B7%AF789%E8%99%9F2%E6%A8%93,2026-09-11
宜得利,宜得利 高雄大樂店,高雄市三民區民族一路463號B1,22.659181,120.315455,已核對（門市名稱、地址與地圖落點）,官方門市地址＋Google Maps 門市搜尋,0.0,False,https://www.google.com/maps/search/?api=1&query=%E5%AE%9C%E5%BE%97%E5%88%A9%20%E9%AB%98%E9%9B%84%E5%A4%A7%E6%A8%82%E5%BA%97%20%E9%AB%98%E9%9B%84%E5%B8%82%E4%B8%89%E6%B0%91%E5%8D%80%E6%B0%91%E6%97%8F%E4%B8%80%E8%B7%AF463%E8%99%9FB1,2026-09-11
宜得利,宜得利 高雄新楠店,高雄市楠梓區土庫一路60號1樓,22.736127,120.330751,已核對（門市名稱、地址與地圖落點）,官方門市地址＋Google Maps 門市搜尋,0.0,False,https://www.google.com/maps/search/?api=1&query=%E5%AE%9C%E5%BE%97%E5%88%A9%20%E9%AB%98%E9%9B%84%E6%96%B0%E6%A5%A0%E5%BA%97%20%E9%AB%98%E9%9B%84%E5%B8%82%E6%A5%A0%E6%A2%93%E5%8D%80%E5%9C%9F%E5%BA%AB%E4%B8%80%E8%B7%AF60%E8%99%9F1%E6%A8%93,2026-09-11
宜得利,宜得利 高雄左營新光三越店,高雄市左營區高鐵路123號4樓,22.688943,120.310525,已核對（門市名稱、地址與地圖落點）,官方門市地址＋Google Maps 門市搜尋,0.0,False,https://www.google.com/maps/search/?api=1&query=%E5%AE%9C%E5%BE%97%E5%88%A9%20%E9%AB%98%E9%9B%84%E5%B7%A6%E7%87%9F%E6%96%B0%E5%85%89%E4%B8%89%E8%B6%8A%E5%BA%97%20%E9%AB%98%E9%9B%84%E5%B8%82%E5%B7%A6%E7%87%9F%E5%8D%80%E9%AB%98%E9%90%B5%E8%B7%AF123%E8%99%9F4%E6%A8%93,2026-09-11
宜得利,宜得利 高雄岡山秀泰店,高雄市岡山區捷安路1巷2號2F,22.780184,120.29964,已核對（門市名稱、地址與地圖落點）,官方門市地址＋Google Maps 門市搜尋,0.0,False,https://www.google.com/maps/search/?api=1&query=%E5%AE%9C%E5%BE%97%E5%88%A9%20%E9%AB%98%E9%9B%84%E5%B2%A1%E5%B1%B1%E7%A7%80%E6%B3%B0%E5%BA%97%20%E9%AB%98%E9%9B%84%E5%B8%82%E5%B2%A1%E5%B1%B1%E5%8D%80%E6%8D%B7%E5%AE%89%E8%B7%AF1%E5%B7%B72%E8%99%9F2F,2026-09-11
宜得利,宜得利 高雄鳳山大全聯店,高雄市鳳山區文化路59號B1,22.633511,120.355148,已核對（門市名稱、地址與地圖落點）,官方門市地址＋Google Maps 門市搜尋,0.0,False,https://www.google.com/maps/search/?api=1&query=%E5%AE%9C%E5%BE%97%E5%88%A9%20%E9%AB%98%E9%9B%84%E9%B3%B3%E5%B1%B1%E5%A4%A7%E5%85%A8%E8%81%AF%E5%BA%97%20%E9%AB%98%E9%9B%84%E5%B8%82%E9%B3%B3%E5%B1%B1%E5%8D%80%E6%96%87%E5%8C%96%E8%B7%AF59%E8%99%9FB1,2026-09-11
宜得利,宜得利 屏東環球店,屏東縣屏東市仁愛路90號4F,22.67327,120.493406,已核對（門市名稱、地址與地圖落點）,官方門市地址＋Google Maps 門市搜尋,0.0,False,https://www.google.com/maps/search/?api=1&query=%E5%AE%9C%E5%BE%97%E5%88%A9%20%E5%B1%8F%E6%9D%B1%E7%92%B0%E7%90%83%E5%BA%97%20%E5%B1%8F%E6%9D%B1%E7%B8%A3%E5%B1%8F%E6%9D%B1%E5%B8%82%E4%BB%81%E6%84%9B%E8%B7%AF90%E8%99%9F4F,2026-09-11
宜得利,宜得利 台東店,台東縣台東市中興路二段600號,22.769148,121.120548,已核對（門市名稱、地址與地圖落點）,官方門市地址＋Google Maps 門市搜尋,0.0,False,https://www.google.com/maps/search/?api=1&query=%E5%AE%9C%E5%BE%97%E5%88%A9%20%E5%8F%B0%E6%9D%B1%E5%BA%97%20%E5%8F%B0%E6%9D%B1%E7%B8%A3%E5%8F%B0%E6%9D%B1%E5%B8%82%E4%B8%AD%E8%88%88%E8%B7%AF%E4%BA%8C%E6%AE%B5600%E8%99%9F,2026-09-11
特力屋,特力屋 內湖店,台北市內湖區新湖三路23號B1,25.062163,121.573934,已核對（官方清單直接提供 Google Place）,Google Maps Place URL 精確座標,27.2,False,"https://www.google.com/maps/place/%E7%89%B9%E5%8A%9B%E5%B1%8B+%E5%8F%B0%E5%8C%97%E5%85%A7%E6%B9%96%E5%BA%97/@25.0621678,121.5713537,17z/data=!3m2!4b1!5s0x3442ab8689b75117:0xd38e8d3af362e173!4m6!3m5!1s0x3442ab86623148d1:0xcff928d0be23da5c!8m2!3d25.062163!4d121.573934!16s%2Fg%2F11rs0668g?entry=ttu&g_ep=EgoyMDI1MDcwOS4wIKXMDSoASAFQAw%3D%3D",2026-09-11
特力屋,特力屋 南港興華店(社區店),台北市南港區南港路二段20巷5號B1,25.0544396,121.6055491,已核對（官方清單直接提供 Google Place）,Google Maps Place URL 精確座標,2.9,False,"https://www.google.com/maps/place/%E7%89%B9%E5%8A%9B%E5%B1%8B+%E5%8D%97%E6%B8%AF%E8%88%88%E8%8F%AF%E5%BA%97(%E7%A4%BE%E5%8D%80%E5%BA%97)/@25.0544444,121.6029688,17z/data=!3m1!4b1!4m6!3m5!1s0x3442ab5628db2e0b:0xb9972836e489c4b0!8m2!3d25.0544396!4d121.6055491!16s%2Fg%2F11p59fw1m9?entry=ttu&g_ep=EgoyMDI1MDcwOS4wIKXMDSoASAFQAw%3D%3D",2026-09-11
特力屋,特力屋 大安安和店(社區店),台北市大安區安和路2段74巷3號,25.0304417,121.5516705,已核對（官方清單直接提供 Google Place）,Google Maps Place URL 精確座標,,False,"https://www.google.com/maps/place/%E7%89%B9%E5%8A%9B%E5%B1%8B%E5%A4%A7%E5%AE%89%E5%AE%89%E5%92%8C%E5%BA%97(%E7%A4%BE%E5%8D%80%E5%BA%97)/@25.0304465,121.5490902,17z/data=!3m1!4b1!4m6!3m5!1s0x3442ab8f325e8db5:0x40596bc42b3a4c57!8m2!3d25.0304417!4d121.5516705!16s%2Fg%2F11jn0vxdmh?entry=ttu&g_ep=EgoyMDI1MDcwOS4wIKXMDSoASAFQAw%3D%3D",2026-09-11
特力屋,特力屋 大同重慶北店(社區店),台北市大同區重慶北路二段69號,25.0558405,121.5142037,已核對（官方清單直接提供 Google Place）,Google Maps Place URL 精確座標,6.4,False,"https://www.google.com/maps/place/%E7%89%B9%E5%8A%9B%E5%B1%8B%E5%A4%A7%E5%90%8C%E9%87%8D%E6%85%B6%E5%8C%97%E5%BA%97(%E7%A4%BE%E5%8D%80%E5%BA%97)/@25.0558453,121.5116234,17z/data=!3m2!4b1!5s0x3442a96b33729e81:0x58905ffd6c305de0!4m6!3m5!1s0x3442a9e0980da8dd:0x9ea6e7cfcde9d844!8m2!3d25.0558405!4d121.5142037!16s%2Fg%2F11stpqwgz6?entry=ttu&g_ep=EgoyMDI1MDcwOS4wIKXMDSoASAFQAw%3D%3D",2026-09-11
特力屋,特力屋 汐止新台店(社區店),新北市汐止區新台五路一段93-3號1樓,25.0617657,121.6480066,已核對（官方清單直接提供 Google Place）,Google Maps Place URL 精確座標,23.0,False,"https://www.google.com/maps/place/%E7%89%B9%E5%8A%9B%E5%B1%8B+%E6%B1%90%E6%AD%A2%E6%96%B0%E5%8F%B0%E5%BA%97(%E7%A4%BE%E5%8D%80%E5%BA%97)/@25.0617705,121.6454263,17z/data=!3m2!4b1!5s0x345d5342f896a557:0xe1819d3cf89d86b1!4m6!3m5!1s0xa1b291cd5819ceab:0x30dca726e8ccc92e!8m2!3d25.0617657!4d121.6480066!16s%2Fg%2F11y56hfyf3?entry=ttu&g_ep=EgoyMDI1MDcwOS4wIKXMDSoASAFQAw%3D%3D",2026-09-11
特力屋,特力屋 三重集美店(社區店),新北市三重區集美街18-3號,25.0550998,121.4890219,已核對（官方清單直接提供 Google Place）,Google Maps Place URL 精確座標,164.6,True,"https://www.google.com/maps/place/%E7%89%B9%E5%8A%9B%E5%B1%8B%E4%B8%89%E9%87%8D%E9%9B%86%E7%BE%8E%E5%BA%97(%E7%A4%BE%E5%8D%80%E5%BA%97)/@25.0551046,121.4864416,17z/data=!3m1!4b1!4m6!3m5!1s0x3442a9e3d2fa5417:0xb84a92ac39aa135b!8m2!3d25.0550998!4d121.4890219!16s%2Fg%2F11qrtfmvbt?entry=ttu&g_ep=EgoyMDI1MDcwOS4wIKXMDSoASAFQAw%3D%3D",2026-09-11
特力屋,特力屋 永和得和店(社區店),新北市永和區得和路102號B1,25.0000983,121.518009,已核對（官方清單直接提供 Google Place）,Google Maps Place URL 精確座標,3.5,False,"https://www.google.com/maps/place/%E7%89%B9%E5%8A%9B%E5%B1%8B%E6%B0%B8%E5%92%8C%E5%BE%97%E5%92%8C%E5%BA%97(%E7%A4%BE%E5%8D%80%E5%BA%97)/@25.0001031,121.5154287,17z/data=!3m1!4b1!4m6!3m5!1s0x3442a9716dac65ed:0xed480cc3872fdb25!8m2!3d25.0000983!4d121.518009!16s%2Fg%2F11m_g5vx70?entry=ttu&g_ep=EgoyMDI1MDcwOS4wIKXMDSoASAFQAw%3D%3D",2026-09-11
特力屋,特力屋 蘆洲集賢店(社區店),新北市蘆洲區集賢路401號,25.0817084,121.4803246,已核對（官方清單直接提供 Google Place）,Google Maps Place URL 精確座標,,False,"https://www.google.com/maps/place/%E7%89%B9%E5%8A%9B%E5%B1%8B+%E8%98%86%E6%B4%B2%E9%9B%86%E8%B3%A2%E5%BA%97(%E7%A4%BE%E5%8D%80%E5%BA%97)/@25.0817132,121.4777443,17z/data=!3m1!4b1!4m6!3m5!1s0x3442a978adddb78b:0x4718ca82b8cebf44!8m2!3d25.0817084!4d121.4803246!16s%2Fg%2F11j4jskb59?entry=ttu&g_ep=EgoyMDI1MDcwOS4wIKXMDSoASAFQAw%3D%3D",2026-09-11
特力屋,特力屋 新店店,新北市新店區中興路三段1號4樓,24.9761644,121.5465284,已核對（官方清單直接提供 Google Place）,Google Maps Place URL 精確座標,43.5,True,"https://www.google.com/maps/place/%E7%89%B9%E5%8A%9B%E5%B1%8B+%E5%8F%B0%E5%8C%97%E6%96%B0%E5%BA%97%E5%BA%97/@24.9761692,121.5439481,17z/data=!3m1!4b1!4m6!3m5!1s0x346801f041e3fb81:0x4b51d51330320be7!8m2!3d24.9761644!4d121.5465284!16s%2Fg%2F1tf45wmw?entry=ttu&g_ep=EgoyMDI1MDcwOS4wIKXMDSoASAFQAw%3D%3D",2026-09-11
特力屋,特力屋 中和店,新北市中和區中山路二段291號3-4樓,25.0017244,121.4960478,已核對（官方清單直接提供 Google Place）,Google Maps Place URL 精確座標,55.7,True,"https://www.google.com/maps/place/%E7%89%B9%E5%8A%9B%E5%B1%8B+%E5%8F%B0%E5%8C%97%E4%B8%AD%E5%92%8C%E5%BA%97/@25.0017292,121.4934675,17z/data=!3m1!4b1!4m6!3m5!1s0x3442a9d5c6e8e6c9:0xd8e6da2ef03dd59!8m2!3d25.0017244!4d121.4960478!16s%2Fg%2F1thq7kt5?entry=ttu&g_ep=EgoyMDI1MDcwOS4wIKXMDSoASAFQAw%3D%3D",2026-09-11
特力屋,特力屋 蘆洲長安店(社區店),新北市蘆洲區長安街101號,25.0807418,121.4615781,已核對（官方清單直接提供 Google Place）,Google Maps Place URL 精確座標,2.7,False,"https://www.google.com/maps/place/%E7%89%B9%E5%8A%9B%E5%B1%8B%E8%98%86%E6%B4%B2%E9%95%B7%E5%AE%89%E5%BA%97(%E7%A4%BE%E5%8D%80%E5%BA%97)/@25.0807466,121.4589978,17z/data=!3m1!4b1!4m6!3m5!1s0x3442a9dacb634b17:0x990f6da140ab5c79!8m2!3d25.0807418!4d121.4615781!16s%2Fg%2F11ng24f7mz?entry=ttu&g_ep=EgoyMDI1MDcwOS4wIKXMDSoASAFQAw%3D%3D",2026-09-11
特力屋,特力屋 板橋北門店(社區店),新北市板橋區北門街11號4F,25.0108396,121.4570838,已核對（官方清單直接提供 Google Place）,Google Maps Place URL 精確座標,18.6,False,"https://www.google.com/maps/place/%E7%89%B9%E5%8A%9B%E5%B1%8B%E6%9D%BF%E6%A9%8B%E5%8C%97%E9%96%80%E5%BA%97(%E7%A4%BE%E5%8D%80%E5%BA%97)/@25.0108444,121.4545089,17z/data=!3m2!4b1!5s0x3442a81d2b3931d5:0x88c0684003ea2cc1!4m6!3m5!1s0x3442a900572aeba1:0xc1db990af11c7951!8m2!3d25.0108396!4d121.4570838!16s%2Fg%2F11ylv4fh4z?entry=tts&g_ep=EgoyMDI1MTExMC4wIPu8ASoASAFQAw%3D%3D&skid=6f875a8c-6c9a-4a29-ae1c-325f833a19a5",2026-09-11
特力屋,特力屋 土城店,新北市土城區青雲路152號2樓,24.98333,121.458961,已核對（官方清單直接提供 Google Place）,Google Maps Place URL 精確座標,,False,"https://www.google.com/maps/place/%E7%89%B9%E5%8A%9B%E5%B1%8B+%E6%96%B0%E5%8C%97%E5%9C%9F%E5%9F%8E%E5%BA%97/@24.9833348,121.4563807,17z/data=!3m1!4b1!4m6!3m5!1s0x346802c65d4e713b:0x2899d0da65fc2de!8m2!3d24.98333!4d121.458961!16s%2Fg%2F1td5zgfq?entry=ttu&g_ep=EgoyMDI1MDcwOS4wIKXMDSoASAFQAw%3D%3D",2026-09-11
特力屋,特力屋 板橋合宜店(社區店),新北市板橋區合宜路149號1樓,24.9977155,121.4466402,已核對（官方清單直接提供 Google Place）,Google Maps Place URL 精確座標,,False,"https://www.google.com/maps/place/%E7%89%B9%E5%8A%9B%E5%B1%8B%E6%9D%BF%E6%A9%8B%E5%90%88%E5%AE%9C%E5%BA%97(%E7%A4%BE%E5%8D%80%E5%BA%97)/@24.9977203,121.4440653,17z/data=!3m1!4b1!4m6!3m5!1s0x34680300061bc519:0xc61ad6bcf047c8e1!8m2!3d24.9977155!4d121.4466402!16s%2Fg%2F11zcnx31fl?entry=ttu&g_ep=EgoyMDI2MDgwNS4xIKXMDSoASAFQAw%3D%3D",2026-09-11
特力屋,特力屋 新莊店,新北市新莊區中正路620號,25.0295902,121.4227473,已核對（官方清單直接提供 Google Place）,Google Maps Place URL 精確座標,21.8,False,"https://www.google.com/maps/place/%E7%89%B9%E5%8A%9B%E5%B1%8B+%E6%96%B0%E5%8C%97%E6%96%B0%E8%8E%8A%E5%BA%97/@25.029595,121.420167,17z/data=!3m1!4b1!4m6!3m5!1s0x3442a7ed34dcd063:0x94b54530028e6153!8m2!3d25.0295902!4d121.4227473!16s%2Fg%2F1tm1n4bt?entry=ttu&g_ep=EgoyMDI1MDcwOS4wIKXMDSoASAFQAw%3D%3D",2026-09-11
特力屋,特力屋 淡水中山北店(社區店),新北市淡水區中山北路三段102號1樓,25.1909618,121.4444355,已核對（官方清單直接提供 Google Place）,Google Maps Place URL 精確座標,5.4,False,"https://www.google.com/maps/place/%E7%89%B9%E5%8A%9B%E5%B1%8B+%E6%B7%A1%E6%B0%B4%E4%B8%AD%E5%B1%B1%E5%8C%97%E5%BA%97/@25.1909618,121.4444355,17z/data=!3m1!4b1!4m6!3m5!1s0x3442bb0024f125c1:0x2a2bc1e01566c1ae!8m2!3d25.1909618!4d121.4444355!16s%2Fg%2F11msf880zx!5m1!1e2?coh=277535&entry=tts&g_ep=EgoyMDI1MTIwOS4wIPu8ASoKLDEwMDc5MjA3M0gBUAM%3D&skid=c340e1f3-cff9-4306-8ab8-54d46fc48459",2026-09-11
特力屋,特力屋 林口中山店(社區店),新北市林口區中山路248號B1,25.0797113,121.3856758,已核對（官方清單直接提供 Google Place）,Google Maps Place URL 精確座標,68.0,True,"https://www.google.com/maps/place/%E7%89%B9%E5%8A%9B%E5%B1%8B+%E6%9E%97%E5%8F%A3%E4%B8%AD%E5%B1%B1%E5%BA%97(%E7%A4%BE%E5%8D%80%E5%BA%97)/@25.0797161,121.3830955,17z/data=!3m1!4b1!4m6!3m5!1s0x3442a7a1abf8fb3d:0xc8897c1fa5fee027!8m2!3d25.0797113!4d121.3856758!16s%2Fg%2F11fn4063z1?entry=ttu&g_ep=EgoyMDI1MDcwOS4wIKXMDSoASAFQAw%3D%3D",2026-09-11
特力屋,特力屋 基隆義一店(社區店),基隆市義一路99號,25.1352803,121.747074,已核對（官方清單直接提供 Google Place）,Google Maps Place URL 精確座標,,False,"https://www.google.com/maps/place/%E7%89%B9%E5%8A%9B%E5%B1%8B%E5%9F%BA%E9%9A%86%E7%BE%A9%E4%B8%80%E5%BA%97(%E7%A4%BE%E5%8D%80%E5%BA%97)/@25.1352851,121.7444937,17z/data=!3m1!4b1!4m6!3m5!1s0x345d4f31fd127453:0xa5dcc0911ebfb8ae!8m2!3d25.1352803!4d121.747074!16s%2Fg%2F11qnttq8lx?entry=ttu&g_ep=EgoyMDI1MDcwOS4wIKXMDSoASAFQAw%3D%3D",2026-09-11
特力屋,特力屋 三峽店,新北市樹林區大成路85號B1,24.9476402,121.3814919,已核對（官方清單直接提供 Google Place）,Google Maps Place URL 精確座標,,False,"https://www.google.com/maps/place/%E7%89%B9%E5%8A%9B%E5%B1%8B+%E5%8F%B0%E5%8C%97%E4%B8%89%E5%B3%BD%E5%BA%97/@24.947645,121.3789116,17z/data=!3m1!4b1!4m6!3m5!1s0x34681c74193d3c33:0xe25a06eb5313d01b!8m2!3d24.9476402!4d121.3814919!16s%2Fg%2F11clyqxj7s?entry=ttu&g_ep=EgoyMDI1MDcwOS4wIKXMDSoASAFQAw%3D%3D",2026-09-11
特力屋,特力屋 桃園大業店(社區店),桃園市桃園區大業路一段138號,25.0070127,121.3163114,已核對（官方清單直接提供 Google Place）,Google Maps Place URL 精確座標,13.2,False,"https://www.google.com/maps/place/%E7%89%B9%E5%8A%9B%E5%B1%8B+%E6%A1%83%E5%9C%92%E5%A4%A7%E6%A5%AD%E5%BA%97(%E7%A4%BE%E5%8D%80%E5%BA%97)/@25.0070175,121.3137311,17z/data=!3m1!4b1!4m6!3m5!1s0x34681f98a05db1a1:0xb1531167f7731727!8m2!3d25.0070127!4d121.3163114!16s%2Fg%2F11h_477dq0?entry=ttu&g_ep=EgoyMDI1MDcwOS4wIKXMDSoASAFQAw%3D%3D",2026-09-11
特力屋,特力屋 南崁店,桃園市蘆竹區中正路1號B1,25.0400904,121.294785,已核對（官方清單直接提供 Google Place）,Google Maps Place URL 精確座標,,False,"https://www.google.com/maps/place/%E7%89%B9%E5%8A%9B%E5%B1%8B+%E5%8D%97%E5%B4%81%E5%BA%97/@25.0400952,121.2922047,17z/data=!3m2!4b1!5s0x34681fda4744a001:0x8b28d30cc9300e5c!4m6!3m5!1s0x34681fda3b89f107:0xeec109d241c63363!8m2!3d25.0400904!4d121.294785!16s%2Fg%2F1tj2l61_?entry=ttu&g_ep=EgoyMDI1MDcwOS4wIKXMDSoASAFQAw%3D%3D",2026-09-11
特力屋,特力屋 八德店,桃園市八德區介壽路一段479號,24.9688634,121.3016436,已核對（官方清單直接提供 Google Place）,Google Maps Place URL 精確座標,,False,"https://www.google.com/maps/place/%E7%89%B9%E5%8A%9B%E5%B1%8B+%E6%A1%83%E5%9C%92%E5%85%AB%E5%BE%B7%E5%BA%97/@24.9688682,121.2990633,17z/data=!3m1!4b1!4m6!3m5!1s0x34681f2ee7a21439:0x259f0fbe0aa221ef!8m2!3d24.9688634!4d121.3016436!16s%2Fg%2F11ddt2x6y8?entry=ttu&g_ep=EgoyMDI1MDcwOS4wIKXMDSoASAFQAw%3D%3D",2026-09-11
特力屋,特力屋 平鎮店,桃園市平鎮區環南路二段261號,24.9409556,121.2146851,已核對（官方清單直接提供 Google Place）,Google Maps Place URL 精確座標,13.5,False,"https://www.google.com/maps/place/%E7%89%B9%E5%8A%9B%E5%B1%8B(%E5%B9%B3%E9%8E%AE%E5%BA%97)/@24.9409604,121.2121048,17z/data=!3m1!4b1!4m6!3m5!1s0x346823aafcc0b7fd:0xa3fc0527f323526b!8m2!3d24.9409556!4d121.2146851!16s%2Fg%2F1wg5vr3j?entry=ttu&g_ep=EgoyMDI1MDcwOS4wIKXMDSoASAFQAw%3D%3D",2026-09-11
特力屋,特力屋 宜蘭宜興店(社區店),宜蘭縣宜蘭市宜興路一段159號,24.7525494,121.7560301,已核對（官方清單直接提供 Google Place）,Google Maps Place URL 精確座標,,False,"https://www.google.com/maps/place/%E7%89%B9%E5%8A%9B%E5%B1%8B%E5%AE%9C%E8%98%AD%E5%AE%9C%E8%88%88%E5%BA%97(%E7%A4%BE%E5%8D%80%E5%BA%97)/@24.7525542,121.7534498,17z/data=!3m1!4b1!4m6!3m5!1s0x3467e56c593afcb1:0x39ab555396b60b69!8m2!3d24.7525494!4d121.7560301!16s%2Fg%2F11q9hqdvxn?entry=ttu&g_ep=EgoyMDI1MDcwOS4wIKXMDSoASAFQAw%3D%3D",2026-09-11
特力屋,特力屋 龍潭北龍店(社區店),桃園市龍潭區北龍路19號,24.8653618,121.2111656,已核對（官方清單直接提供 Google Place）,Google Maps Place URL 精確座標,46.4,True,"https://www.google.com/maps/place/%E7%89%B9%E5%8A%9B%E5%B1%8B%E9%BE%8D%E6%BD%AD%E5%8C%97%E9%BE%8D%E5%BA%97(%E7%A4%BE%E5%8D%80%E5%BA%97)/@24.8653666,121.2085853,17z/data=!3m1!4b1!4m6!3m5!1s0x34683dce5d0d5375:0xa6fb28df1748ec76!8m2!3d24.8653618!4d121.2111656!16s%2Fg%2F11nl5bnz5r?entry=ttu&g_ep=EgoyMDI1MDcwOS4wIKXMDSoASAFQAw%3D%3D",2026-09-11
特力屋,特力屋 羅東店,宜蘭縣羅東鎮光榮路388號,24.6794403,121.7780876,已核對（官方清單直接提供 Google Place）,Google Maps Place URL 精確座標,12.6,False,"https://www.google.com/maps/place/%E7%89%B9%E5%8A%9B%E5%B1%8B+%E7%BE%85%E6%9D%B1%E5%BA%97/@24.6794452,121.7755073,17z/data=!3m1!4b1!4m6!3m5!1s0x3467e67900000001:0x2d3ad56af0dcef7e!8m2!3d24.6794403!4d121.7780876!16s%2Fg%2F11qm1my32z?entry=ttu&g_ep=EgoyMDI1MDcwOS4wIKXMDSoASAFQAw%3D%3D",2026-09-11
特力屋,特力屋 湖口和愛店(社區店),新竹縣湖口鄉和愛路68號,24.9042632,121.0468758,已核對（官方清單直接提供 Google Place）,Google Maps Place URL 精確座標,23.2,False,"https://www.google.com/maps/place/%E7%89%B9%E5%8A%9B%E5%B1%8B%E6%B9%96%E5%8F%A3%E5%92%8C%E6%84%9B%E5%BA%97+%E7%A4%BE%E5%8D%80%E5%BA%97/@24.904268,121.0442955,17z/data=!3m1!4b1!4m6!3m5!1s0x34683161b1322f21:0xa9dc199d3865b345!8m2!3d24.9042632!4d121.0468758!16s%2Fg%2F11s7_8dz8_?entry=ttu&g_ep=EgoyMDI1MDcwOS4wIKXMDSoASAFQAw%3D%3D",2026-09-11
特力屋,特力屋 竹北文興店(社區店),新竹縣竹北市文興路347號,24.8138533,121.0226987,已核對（官方清單直接提供 Google Place）,Google Maps Place URL 精確座標,13.8,False,"https://www.google.com/maps/place/%E7%89%B9%E5%8A%9B%E5%B1%8B+%E7%AB%B9%E5%8C%97%E6%96%87%E8%88%88%E5%BA%97/@24.8138581,121.0201184,17z/data=!3m1!4b1!4m6!3m5!1s0x346837b983d5780d:0xac903137260a7728!8m2!3d24.8138533!4d121.0226987!16s%2Fg%2F11j10r570x?entry=ttu&g_ep=EgoyMDI1MDcwOS4wIKXMDSoASAFQAw%3D%3D",2026-09-11
特力屋,特力屋 新竹店,新竹市公道五路二段469號2樓,24.8046478,120.9930946,已核對（官方清單直接提供 Google Place）,Google Maps Place URL 精確座標,,False,"https://www.google.com/maps/place/%E7%89%B9%E5%8A%9B%E5%B1%8B+%E6%96%B0%E7%AB%B9%E5%BA%97/@24.8046526,120.9905143,17z/data=!3m2!4b1!5s0x34683676cbc21869:0x27fb9839732435f9!4m6!3m5!1s0x34683676d2ee769d:0x513a42f491081b77!8m2!3d24.8046478!4d120.9930946!16s%2Fg%2F1tc_z6g4?entry=ttu&g_ep=EgoyMDI1MDcwOS4wIKXMDSoASAFQAw%3D%3D",2026-09-11
特力屋,特力屋 林森店,新竹市東區林森路18號3F,24.8021079,120.9704022,已核對（官方清單直接提供 Google Place）,Google Maps Place URL 精確座標,,False,"https://www.google.com/maps/place/%E7%89%B9%E5%8A%9B%E5%B1%8B%E6%9E%97%E6%A3%AE%E5%BA%97/@24.8021079,120.9678273,17z/data=!3m1!4b1!4m6!3m5!1s0x3468350040c51b05:0x24746f6112de9135!8m2!3d24.8021079!4d120.9704022!16s%2Fg%2F11n59999z_?entry=ttu&g_ep=EgoyMDI2MDYxMy4wIKXMDSoASAFQAw%3D%3D",2026-09-11
特力屋,特力屋 頭份中央店(社區店),苗栗縣頭份市中央路678號,24.6944818,120.891945,已核對（官方清單直接提供 Google Place）,Google Maps Place URL 精確座標,11.0,False,"https://www.google.com/maps/place/%E7%89%B9%E5%8A%9B%E5%B1%8B%E9%A0%AD%E4%BB%BD%E4%B8%AD%E5%A4%AE%E5%BA%97(%E7%A4%BE%E5%8D%80%E5%BA%97)/@24.6944867,120.8893647,17z/data=!3m1!4b1!4m6!3m5!1s0x3469b330225c6f23:0xad60b3e0cd24334d!8m2!3d24.6944818!4d120.891945!16s%2Fg%2F11jhsgy5yw?entry=ttu&g_ep=EgoyMDI1MDcwOS4wIKXMDSoASAFQAw%3D%3D",2026-09-11
特力屋,特力屋 苗栗中正店(社區店),苗栗市中正路905-13號,24.5512954,120.8165973,已核對（官方清單直接提供 Google Place）,Google Maps Place URL 精確座標,,False,"https://www.google.com/maps/place/%E7%89%B9%E5%8A%9B%E5%B1%8B%E8%8B%97%E6%A0%97%E4%B8%AD%E6%AD%A3%E5%BA%97(%E7%A4%BE%E5%8D%80%E5%BA%97)/@24.5513003,120.814017,17z/data=!3m2!4b1!5s0x3469abefed6fcedb:0x50e5b5a1febcb9d!4m6!3m5!1s0x3469ab0b58c2a39f:0xa8fa93f6aa9d9f88!8m2!3d24.5512954!4d120.8165973!16s%2Fg%2F11tn_9jnzw?entry=ttu&g_ep=EgoyMDI1MDcwOS4wIKXMDSoASAFQAw%3D%3D",2026-09-11
特力屋,特力屋 花蓮店,花蓮市國風里4鄰林森路176號,23.9785149,121.6012101,已核對（官方清單直接提供 Google Place）,Google Maps Place URL 精確座標,,False,"https://www.google.com/maps/place/%E7%89%B9%E5%8A%9B%E5%B1%8B+%E8%8A%B1%E8%93%AE%E5%BA%97/@23.9785198,121.5986298,17z/data=!3m1!4b1!4m6!3m5!1s0x34689fbe3fddd02b:0xfae5439e27cebccd!8m2!3d23.9785149!4d121.6012101!16s%2Fg%2F1thk6gw1?entry=ttu&g_ep=EgoyMDI1MDcwOS4wIKXMDSoASAFQAw%3D%3D",2026-09-11
特力屋,特力屋 豐原店,台中市豐原區南村里水源路420號,24.2569877,120.7355032,已核對（官方清單直接提供 Google Place）,Google Maps Place URL 精確座標,,False,"https://www.google.com/maps/place/%E7%89%B9%E5%8A%9B%E5%B1%8B+%E5%8F%B0%E4%B8%AD%E8%B1%90%E5%8E%9F%E5%BA%97/@24.2569926,120.7329229,17z/data=!3m1!4b1!4m6!3m5!1s0x34691a1567701df5:0xdad2107a8173fc81!8m2!3d24.2569877!4d120.7355032!16s%2Fg%2F1ptwt71bn?entry=ttu&g_ep=EgoyMDI1MDcwOS4wIKXMDSoASAFQAw%3D%3D",2026-09-11
特力屋,特力屋 北屯店,台中市北屯區北屯路407-1號,24.1734643,120.6978534,已核對（官方清單直接提供 Google Place）,Google Maps Place URL 精確座標,67.2,True,"https://www.google.com/maps/place/%E7%89%B9%E5%8A%9B%E5%B1%8B+%E5%8F%B0%E4%B8%AD%E5%8C%97%E5%B1%AF%E5%BA%97/@24.1734692,120.6952731,17z/data=!3m1!4b1!4m6!3m5!1s0x346917ee54339997:0xf99bb35a8a0df64b!8m2!3d24.1734643!4d120.6978534!16s%2Fg%2F1v5_74x4?entry=ttu&g_ep=EgoyMDI1MDcwOS4wIKXMDSoASAFQAw%3D%3D",2026-09-11
特力屋,特力屋 埔里信義店(社區店),南投縣埔里鎮信義路18號,23.9742993,120.9787701,已核對（官方清單直接提供 Google Place）,Google Maps Place URL 精確座標,10.7,False,"https://www.google.com/maps/place/%E7%89%B9%E5%8A%9B%E5%B1%8B+%E5%9F%94%E9%87%8C%E4%BF%A1%E7%BE%A9%E5%BA%97(%E7%A4%BE%E5%8D%80%E5%BA%97)/@23.9743042,120.9761898,17z/data=!3m1!4b1!4m6!3m5!1s0x3468d9fafe2321e7:0x8c129aab3528916a!8m2!3d23.9742993!4d120.9787701!16s%2Fg%2F11sn_5j4lv?entry=ttu&g_ep=EgoyMDI1MDcwOS4wIKXMDSoASAFQAw%3D%3D",2026-09-11
特力屋,特力屋 梧棲中華店(社區店),台中市梧棲區中華路二段561號,24.2561497,120.557796,已核對（官方清單直接提供 Google Place）,Google Maps Place URL 精確座標,,False,"https://www.google.com/maps/place/%E7%89%B9%E5%8A%9B%E5%B1%8B%E6%A2%A7%E6%A3%B2%E4%B8%AD%E8%8F%AF%E5%BA%97(%E7%A4%BE%E5%8D%80%E5%BA%97)/@24.2561546,120.5552157,17z/data=!3m1!4b1!4m6!3m5!1s0x34691524d864dfc1:0xec384b00f90e1a59!8m2!3d24.2561497!4d120.557796!16s%2Fg%2F11pzb4xxn7?entry=ttu&g_ep=EgoyMDI1MDcwOS4wIKXMDSoASAFQAw%3D%3D",2026-09-11
特力屋,特力屋 西屯店,台中市西屯區台灣大道四段528號1樓,24.178439,120.6255068,已核對（官方清單直接提供 Google Place）,Google Maps Place URL 精確座標,30.2,True,"https://www.google.com/maps/place/%E7%89%B9%E5%8A%9B%E5%B1%8B+%E5%8F%B0%E4%B8%AD%E8%A5%BF%E5%B1%AF%E5%BA%97/@24.1784439,120.6229265,17z/data=!3m1!4b1!4m6!3m5!1s0x34691778a105ad31:0x5327b03ce3a3d2d3!8m2!3d24.178439!4d120.6255068!16s%2Fg%2F11j6t4q1t_?entry=ttu&g_ep=EgoyMDI1MDcwOS4wIKXMDSoASAFQAw%3D%3D",2026-09-11
特力屋,特力屋 台中大墩店,台中市南屯區大墩路533號B1 ,24.149633,120.649656,已核對（官方清單直接提供 Google Place）,Google Maps Place URL 精確座標,57.0,True,"https://www.google.com/maps/place/%E7%89%B9%E5%8A%9B%E5%B1%8B+%E5%8F%B0%E4%B8%AD%E5%A4%A7%E5%A2%A9%E5%BA%97/@24.1496379,120.6470757,17z/data=!3m1!4b1!4m6!3m5!1s0x34693dd0d8757b39:0x5967ebe109f5a95e!8m2!3d24.149633!4d120.649656!16s%2Fg%2F11fj0sbz4n?entry=ttu&g_ep=EgoyMDI1MDcwOS4wIKXMDSoASAFQAw%3D%3D",2026-09-11
特力屋,特力屋 大里國光店(社區店),台中市大里區國光路2段363號,24.1084402,120.6798195,已核對（官方清單直接提供 Google Place）,Google Maps Place URL 精確座標,5.7,False,"https://www.google.com/maps/place/%E7%89%B9%E5%8A%9B%E5%B1%8B%E5%A4%A7%E9%87%8C%E5%9C%8B%E5%85%89%E5%BA%97(%E7%A4%BE%E5%8D%80%E5%BA%97)/@24.1084451,120.6772392,17z/data=!3m1!4b1!4m6!3m5!1s0x34693d8b6e0d17df:0xc0c830ae90d6c366!8m2!3d24.1084402!4d120.6798195!16s%2Fg%2F11r7trl8jr?entry=ttu&g_ep=EgoyMDI1MDcwOS4wIKXMDSoASAFQAw%3D%3D",2026-09-11
特力屋,特力屋 台中復興店(社區店),台中市南區復興路一段359號2樓 ,24.1148698,120.6542225,已核對（官方清單直接提供 Google Place）,Google Maps Place URL 精確座標,16.4,False,"https://www.google.com/maps/place/%E7%89%B9%E5%8A%9B%E5%B1%8B+%E5%8F%B0%E4%B8%AD%E5%BE%A9%E8%88%88%E5%BA%97(%E7%A4%BE%E5%8D%80%E5%BA%97)/@24.1148747,120.6516422,17z/data=!3m1!4b1!4m6!3m5!1s0x34693c4ff6460607:0xbc381157956e0766!8m2!3d24.1148698!4d120.6542225!16s%2Fg%2F1vfn4cxv?entry=ttu&g_ep=EgoyMDI1MDcwOS4wIKXMDSoASAFQAw%3D%3D",2026-09-11
特力屋,特力屋 草屯虎山店(社區店),南投縣草屯鎮虎山路819號,23.9760908,120.6857579,已核對（官方清單直接提供 Google Place）,Google Maps Place URL 精確座標,45.9,True,"https://www.google.com/maps/place/%E7%89%B9%E5%8A%9B%E5%B1%8B+%E8%8D%89%E5%B1%AF%E8%99%8E%E5%B1%B1%E5%BA%97(%E7%A4%BE%E5%8D%80%E5%BA%97)/@23.9760957,120.6831776,17z/data=!3m1!4b1!4m6!3m5!1s0x3469306c64bc2301:0x2e64787c660bcb10!8m2!3d23.9760908!4d120.6857579!16s%2Fg%2F12hmhw162?entry=ttu&g_ep=EgoyMDI1MDcwOS4wIKXMDSoASAFQAw%3D%3D",2026-09-11
特力屋,特力屋 彰化和美店,彰化縣和美鎮彰美路二段49號,24.0923229,120.5327388,已核對（官方清單直接提供 Google Place）,Google Maps Place URL 精確座標,7.4,False,"https://www.google.com/maps/place/%E7%89%B9%E5%8A%9B%E5%B1%8B+%E5%BD%B0%E5%8C%96%E5%92%8C%E7%BE%8E%E5%BA%97/@24.0923278,120.5301585,17z/data=!3m1!4b1!4m6!3m5!1s0x346938a16c7d8633:0x53adb3979ed0abd5!8m2!3d24.0923229!4d120.5327388!16s%2Fg%2F12xqb6hfr?entry=ttu&g_ep=EgoyMDI1MDcwOS4wIKXMDSoASAFQAw%3D%3D",2026-09-11
特力屋,特力屋 彰化員林店,彰化縣員林鎮中山路二段399號,23.9694188,120.5712085,已核對（官方清單直接提供 Google Place）,Google Maps Place URL 精確座標,,False,"https://www.google.com/maps/place/%E7%89%B9%E5%8A%9B%E5%B1%8B+%E5%BD%B0%E5%8C%96%E5%93%A1%E6%9E%97%E5%BA%97/@23.9694237,120.5686282,17z/data=!3m1!4b1!4m6!3m5!1s0x34693655b49befbf:0x4a0fb0cae26612c3!8m2!3d23.9694188!4d120.5712085!16s%2Fg%2F1tm8br1h?entry=ttu&g_ep=EgoyMDI1MDcwOS4wIKXMDSoASAFQAw%3D%3D",2026-09-11
特力屋,特力屋 斗六店,雲林縣斗六市莊敬路268號,23.703416,120.5470759,已核對（官方清單直接提供 Google Place）,Google Maps Place URL 精確座標,15.9,False,"https://www.google.com/maps/place/%E7%89%B9%E5%8A%9B%E5%B1%8B%E6%96%97%E5%85%AD%E5%BA%97/@23.7034209,120.5444956,17z/data=!3m1!4b1!4m6!3m5!1s0x346ec9c60324362b:0xa79109309c24b6be!8m2!3d23.703416!4d120.5470759!16s%2Fg%2F11t4j06gdz?entry=ttu&g_ep=EgoyMDI1MDcwOS4wIKXMDSoASAFQAw%3D%3D",2026-09-11
特力屋,特力屋 虎尾公安店(社區店),雲林縣虎尾鎮公安路188號1樓,23.7098738,120.4327137,已核對（官方清單直接提供 Google Place）,Google Maps Place URL 精確座標,,False,"https://www.google.com/maps/place/%E7%89%B9%E5%8A%9B%E5%B1%8B%E8%99%8E%E5%B0%BE%E5%85%AC%E5%AE%89%E5%BA%97/@23.7098738,120.4301388,17z/data=!3m1!4b1!4m6!3m5!1s0x346eb13459e0397d:0x17e65396b6754aa2!8m2!3d23.7098738!4d120.4327137!16s%2Fg%2F11x_mjn21_?entry=ttu&g_ep=EgoyMDI1MDkyNC4wIKXMDSoASAFQAw%3D%3D",2026-09-11
特力屋,特力屋 嘉義店,嘉義市東區忠孝路547號,23.5008411,120.4489517,已核對（官方清單直接提供 Google Place）,Google Maps Place URL 精確座標,,False,"https://www.google.com/maps/place/%E7%89%B9%E5%8A%9B%E5%B1%8B+%E5%98%89%E7%BE%A9%E5%BA%97/@23.500846,120.4463714,17z/data=!3m1!4b1!4m6!3m5!1s0x346e95c49149ee4d:0xe0b913a149349510!8m2!3d23.5008411!4d120.4489517!16s%2Fg%2F1td3p70b?entry=ttu&g_ep=EgoyMDI1MDcwOS4wIKXMDSoASAFQAw%3D%3D",2026-09-11
特力屋,特力屋 朴子四維店(社區店),嘉義縣朴子市四維路二段62號,23.4587885,120.241424,已核對（官方清單直接提供 Google Place）,Google Maps Place URL 精確座標,,False,"https://www.google.com/maps/place/%E7%89%B9%E5%8A%9B%E5%B1%8B%E6%9C%B4%E5%AD%90%E5%9B%9B%E7%B6%AD%E5%BA%97(%E7%A4%BE%E5%8D%80%E5%BA%97)/@23.4587934,120.2388437,17z/data=!3m1!4b1!4m6!3m5!1s0x346e9db12541c14b:0xee5090c1ff8305b6!8m2!3d23.4587885!4d120.241424!16s%2Fg%2F11s4h0m294?entry=ttu&g_ep=EgoyMDI1MDcwOS4wIKXMDSoASAFQAw%3D%3D",2026-09-11
特力屋,特力屋 新營金華店(社區店),台南市新營區隋唐街197號,23.3072566,120.2997665,已核對（官方清單直接提供 Google Place）,Google Maps Place URL 精確座標,,False,"https://www.google.com/maps/place/%E7%89%B9%E5%8A%9B%E5%B1%8B+%E6%96%B0%E7%87%9F%E9%87%91%E8%8F%AF%E5%BA%97(%E7%A4%BE%E5%8D%80%E5%BA%97)/@23.3072615,120.2971862,17z/data=!3m1!4b1!4m6!3m5!1s0x346e85d5ca142037:0x2d3708dd7b4b4af0!8m2!3d23.3072566!4d120.2997665!16s%2Fg%2F11j5h20jj3?entry=ttu&g_ep=EgoyMDI1MDcwOS4wIKXMDSoASAFQAw%3D%3D",2026-09-11
特力屋,特力屋 佳里佳東店(社區店),台南市佳里區佳東路481號,23.1650049,120.1821135,已核對（官方清單直接提供 Google Place）,Google Maps Place URL 精確座標,,False,"https://www.google.com/maps/place/%E7%89%B9%E5%8A%9B%E5%B1%8B%E4%BD%B3%E9%87%8C%E4%BD%B3%E6%9D%B1%E5%BA%97(%E7%A4%BE%E5%8D%80%E5%BA%97)/@23.1650098,120.1795332,17z/data=!3m1!4b1!4m6!3m5!1s0x346e7f90c944fdc5:0xa18097c612b77fd1!8m2!3d23.1650049!4d120.1821135!16s%2Fg%2F11nmrr6tts?entry=ttu&g_ep=EgoyMDI1MDcwOS4wIKXMDSoASAFQAw%3D%3D",2026-09-11
特力屋,特力屋 台東店,台東縣台東市寶桑路373號,22.7581022,121.1518088,已核對（官方清單直接提供 Google Place）,Google Maps Place URL 精確座標,,False,"https://www.google.com/maps/place/%E7%89%B9%E5%8A%9B%E5%B1%8B%E5%8F%B0%E6%9D%B1%E5%BA%97/@22.7581071,121.1492285,17z/data=!3m1!4b1!4m6!3m5!1s0x346fb91cc00996a3:0x63bd5929d9bd7cdf!8m2!3d22.7581022!4d121.1518088!16s%2Fg%2F11sw2l60mz?entry=ttu&g_ep=EgoyMDI1MDcwOS4wIKXMDSoASAFQAw%3D%3D",2026-09-11
特力屋,特力屋 澎湖馬公店(社區店),澎湖縣馬公市同和路158號3樓 ,23.56734,119.572906,已核對（官方清單直接提供 Google Place）,Google Maps Place URL 精確座標,169.9,True,"https://www.google.com/maps/place/%E7%89%B9%E5%8A%9B%E5%B1%8B%E6%BE%8E%E6%B9%96%E9%A6%AC%E5%85%AC%E5%BA%97(%E7%A4%BE%E5%8D%80%E5%BA%97)/@23.5673449,119.5703257,17z/data=!3m1!4b1!4m6!3m5!1s0x346c5b6beda2f02b:0xa9eca7d2598adba7!8m2!3d23.56734!4d119.572906!16s%2Fg%2F11r7xrrgn6?entry=ttu&g_ep=EgoyMDI1MDcwOS4wIKXMDSoASAFQAw%3D%3D",2026-09-11
特力屋,特力屋 永康復國店(社區店),台南市永康區復國一路315巷1號,23.0103574,120.2462216,已核對（官方清單直接提供 Google Place）,Google Maps Place URL 精確座標,13.9,False,"https://www.google.com/maps/place/%E7%89%B9%E5%8A%9B%E5%B1%8B%E6%B0%B8%E5%BA%B7%E5%BE%A9%E5%9C%8B%E5%BA%97(%E7%A4%BE%E5%8D%80%E5%BA%97)/@23.0103623,120.2436413,17z/data=!3m1!4b1!4m6!3m5!1s0x346e77e7627bbcf5:0xdb4d7c2204881a0f!8m2!3d23.0103574!4d120.2462216!16s%2Fg%2F11ftwfx15m?entry=ttu&g_ep=EgoyMDI1MDcwOS4wIKXMDSoASAFQAw%3D%3D",2026-09-11
特力屋,特力屋 台南文賢店,台南市北區文賢路720號,23.0108798,120.1945137,已核對（官方清單直接提供 Google Place）,Google Maps Place URL 精確座標,1.7,False,"https://www.google.com/maps/place/%E7%89%B9%E5%8A%9B%E5%B1%8B+%E5%8F%B0%E5%8D%97%E6%96%87%E8%B3%A2%E5%BA%97/@23.0108847,120.1919334,17z/data=!3m1!4b1!4m6!3m5!1s0x346e765b2ec528c3:0x55ad9cbea8103d8f!8m2!3d23.0108798!4d120.1945137!16s%2Fg%2F1tdmbn2b?entry=ttu&g_ep=EgoyMDI1MDcwOS4wIKXMDSoASAFQAw%3D%3D",2026-09-11
特力屋,特力屋 台南仁德店,台南市仁德區中山路799號,22.9730194,120.2448847,已核對（官方清單直接提供 Google Place）,Google Maps Place URL 精確座標,,False,"https://www.google.com/maps/place/%E7%89%B9%E5%8A%9B%E5%B1%8B+%E5%8F%B0%E5%8D%97%E4%BB%81%E5%BE%B7%E5%BA%97/@22.9730243,120.2423044,17z/data=!3m1!4b1!4m6!3m5!1s0x346e76a862d34b49:0x3bb54bca11e91034!8m2!3d22.9730194!4d120.2448847!16s%2Fg%2F1ttp_v_5?entry=ttu&g_ep=EgoyMDI1MDcwOS4wIKXMDSoASAFQAw%3D%3D",2026-09-11
特力屋,特力屋 岡山大仁店(社區店),高雄市岡山區大仁北路303號,22.7966787,120.3025018,已核對（官方清單直接提供 Google Place）,Google Maps Place URL 精確座標,,False,"https://www.google.com/maps/place/%E7%89%B9%E5%8A%9B%E5%B1%8B%E5%B2%A1%E5%B1%B1%E5%A4%A7%E4%BB%81%E5%BA%97(%E7%A4%BE%E5%8D%80%E5%BA%97)/@22.7966836,120.2999215,17z/data=!3m1!4b1!4m6!3m5!1s0x346e0d1a335a6f9f:0xce167d6d799e199a!8m2!3d22.7966787!4d120.3025018!16s%2Fg%2F11qpy_blp8?entry=ttu&g_ep=EgoyMDI1MDcwOS4wIKXMDSoASAFQAw%3D%3D",2026-09-11
特力屋,特力屋 屏東店,屏東市瑞光里民生路2-27號,22.6611499,120.5101873,已核對（官方清單直接提供 Google Place）,Google Maps Place URL 精確座標,,False,"https://www.google.com/maps/place/%E7%89%B9%E5%8A%9B%E5%B1%8B+%E5%B1%8F%E6%9D%B1%E5%BA%97/@22.6611548,120.507607,17z/data=!3m1!4b1!4m6!3m5!1s0x346e17f5d2c9d7a5:0xafc579f62134a2a4!8m2!3d22.6611499!4d120.5101873!16s%2Fg%2F1tgn2gv4?entry=ttu&g_ep=EgoyMDI1MDcwOS4wIKXMDSoASAFQAw%3D%3D",2026-09-11
特力屋,特力屋 楠梓大學店(社區店),高雄市楠梓區大學東路161號,22.7287088,120.2898733,已核對（官方清單直接提供 Google Place）,Google Maps Place URL 精確座標,,False,"https://www.google.com/maps/place/%E7%89%B9%E5%8A%9B%E5%B1%8B%E6%A5%A0%E6%A2%93%E5%A4%A7%E5%AD%B8%E5%BA%97(%E7%A4%BE%E5%8D%80%E5%BA%97)/@22.7287137,120.287293,17z/data=!3m1!4b1!4m6!3m5!1s0x346e0f44bb0a27ef:0x96c0972e3836ff76!8m2!3d22.7287088!4d120.2898733!16s%2Fg%2F11t_rnwr4h?entry=ttu&g_ep=EgoyMDI1MDcwOS4wIKXMDSoASAFQAw%3D%3D",2026-09-11
特力屋,特力屋 高雄左營店,高雄市左營區民族一路948-1號2樓,22.6754206,120.31945,已核對（官方清單直接提供 Google Place）,Google Maps Place URL 精確座標,,False,"https://www.google.com/maps/place/%E7%89%B9%E5%8A%9B%E5%B1%8B+%E9%AB%98%E9%9B%84%E5%B7%A6%E7%87%9F%E5%BA%97/@22.6754255,120.3145737,17z/data=!3m2!4b1!5s0x346e05156a088669:0x62fff5ea7c8766b6!4m6!3m5!1s0x346e05153eab40e9:0xfca30219b434aef2!8m2!3d22.6754206!4d120.31945!16s%2Fg%2F1tr7g3kb?entry=ttu&g_ep=EgoyMDI1MDcwOS4wIKXMDSoASAFQAw%3D%3D",2026-09-11
特力屋,特力屋 三民澄清店(社區店),高雄市三民區澄清路339號,22.6379723,120.3446468,已核對（官方清單直接提供 Google Place）,Google Maps Place URL 精確座標,6.3,False,"https://www.google.com/maps/place/%E7%89%B9%E5%8A%9B%E5%B1%8B%E4%B8%89%E6%B0%91%E6%BE%84%E6%B8%85%E5%BA%97(%E7%A4%BE%E5%8D%80%E5%BA%97)/@22.6379772,120.3420665,17z/data=!3m1!4b1!4m6!3m5!1s0x346e1b34c6d90bb5:0x516d6804c0228197!8m2!3d22.6379723!4d120.3446468!16s%2Fg%2F11k856cg7b?entry=ttu&g_ep=EgoyMDI1MDcwOS4wIKXMDSoASAFQAw%3D%3D",2026-09-11
特力屋,特力屋 高雄大順店,高雄市苓雅區武廟路218號,22.6318061,120.3241018,已核對（官方清單直接提供 Google Place）,Google Maps Place URL 精確座標,,False,"https://www.google.com/maps/place/%E7%89%B9%E5%8A%9B%E5%B1%8B+%E9%AB%98%E9%9B%84%E5%A4%A7%E9%A0%86%E5%BA%97/@22.631811,120.3215215,17z/data=!3m1!4b1!4m6!3m5!1s0x346e04bf6923319b:0xea3d258575dbbd40!8m2!3d22.6318061!4d120.3241018!16s%2Fg%2F1tg2b75v?entry=ttu&g_ep=EgoyMDI1MDcwOS4wIKXMDSoASAFQAw%3D%3D",2026-09-11
特力屋,特力屋 高雄鳳山店,高雄市鳳山區瑞隆東路99號,22.6061364,120.343066,已核對（官方清單直接提供 Google Place）,Google Maps Place URL 精確座標,,False,"https://www.google.com/maps/place/%E7%89%B9%E5%8A%9B%E5%B1%8B+%E9%AB%98%E9%9B%84%E9%B3%B3%E5%B1%B1%E5%BA%97/@22.6061413,120.3404857,17z/data=!3m2!4b1!5s0x346e0355498300e9:0x1b1df076afa8b692!4m6!3m5!1s0x346e1caab3a8e04d:0x93521bf1b224afd0!8m2!3d22.6061364!4d120.343066!16s%2Fg%2F1tjl3n38?entry=ttu&g_ep=EgoyMDI1MDcwOS4wIKXMDSoASAFQAw%3D%3D",2026-09-11
特力屋,特力屋 苓雅三多店(社區店),高雄市苓雅區三多三路168號,22.6157278,120.3092874,已核對（官方清單直接提供 Google Place）,Google Maps Place URL 精確座標,,False,"https://www.google.com/maps/place/%E7%89%B9%E5%8A%9B%E5%B1%8B+%E8%8B%93%E9%9B%85%E4%B8%89%E5%A4%9A%E5%BA%97(%E7%A4%BE%E5%8D%80%E5%BA%97)/@22.6157327,120.3067071,17z/data=!3m1!4b1!4m6!3m5!1s0x346e053f576f8525:0xab92216a584c31e6!8m2!3d22.6157278!4d120.3092874!16s%2Fg%2F11rdtvvtbd?entry=ttu&g_ep=EgoyMDI1MDcwOS4wIKXMDSoASAFQAw%3D%3D",2026-09-11
特力屋,特力屋 東港光復店(社區店),屏東縣東港鎮光復路一段66號,22.470206,120.461819,已核對（官方清單直接提供 Google Place）,Google Maps Place URL 精確座標,,False,"https://www.google.com/maps/place/%E7%89%B9%E5%8A%9B%E5%B1%8B%E6%9D%B1%E6%B8%AF%E5%85%89%E5%BE%A9%E5%BA%97(%E7%A4%BE%E5%8D%80%E5%BA%97)/@22.4702109,120.4592387,17z/data=!3m1!4b1!4m6!3m5!1s0x3471e148c35d00f9:0xc6756e856eed1108!8m2!3d22.470206!4d120.461819!16s%2Fg%2F11sgv5w37t?entry=ttu&g_ep=EgoyMDI1MDcwOS4wIKXMDSoASAFQAw%3D%3D",2026-09-11
特力屋,特力屋 金門太湖店(社區店),金門縣金湖鎮太湖路二段198號4樓,24.4392039,118.4183931,已核對（官方清單直接提供 Google Place）,Google Maps Place URL 精確座標,63.1,True,"https://www.google.com/maps/place/%E7%89%B9%E5%8A%9B%E5%B1%8B%E9%87%91%E9%96%80%E5%A4%AA%E6%B9%96%E5%BA%97(%E7%A4%BE%E5%8D%80%E5%BA%97)/@24.4392088,118.4158128,17z/data=!3m1!4b1!4m6!3m5!1s0x3414a51da9433593:0xcbf4630638284815!8m2!3d24.4392039!4d118.4183931!16s%2Fg%2F11s56msytb?entry=ttu&g_ep=EgoyMDI1MDcwOS4wIKXMDSoASAFQAw%3D%3D",2026-09-11
HOLA,HOLA 台北內湖店,台北市內湖區新湖三路23號 1F,25.0622594,121.5743164,已核對（官方清單直接提供 Google Place）,Google Maps Place URL 精確座標,14.0,False,"https://www.google.com/maps/place/HOLA+%E5%92%8C%E6%A8%82%E5%AE%B6%E5%B1%85+%E5%8F%B0%E5%8C%97%E5%85%A7%E6%B9%96%E5%BA%97/@25.0622642,121.5717415,17z/data=!3m2!4b1!5s0x3442ab8689a6f5d5:0x9ef986184847cf80!4m6!3m5!1s0x3442ab868c3f96e7:0xf1f438e1813fc843!8m2!3d25.0622594!4d121.5743164!16s%2Fg%2F1tfrv5s2?entry=ttu&g_ep=EgoyMDI1MTAwNi4wIKXMDSoASAFQAw%3D%3D",2026-09-11
La-Z-Boy,La-Z-Boy 微風南京店,台北市松山區南京東路三段337號 B1,25.052006,121.548289,Google Maps 顯示營業中；確認為 La-Z-Boy 品牌專櫃而非完整 HOLA 門市,Google Maps、HOLA、La-Z-Boy 台灣與微風南京官方頁面交叉核對,,False,"https://www.google.com/maps/place/La-Z-Boy+%E5%BE%AE%E9%A2%A8%E5%8D%97%E4%BA%AC%E5%BA%97/@25.0520108,121.5457141,17z/data=!3m1!4b1!4m6!3m5!1s0x3442ab00597417c3:0x8e5a89896d2c6087!8m2!3d25.052006!4d121.548289!16s%2Fg%2F11xn5xt90y?entry=ttu",2026-09-11
HOLA,HOLA 新店裕隆城店,新北市新店區中興路三段70號1F,24.9780311,121.5474338,已核對（官方清單直接提供 Google Place）,Google Maps Place URL 精確座標,,False,"https://www.google.com/maps/place/HOLA+%E5%92%8C%E6%A8%82%E5%AE%B6%E5%B1%85+%E6%96%B0%E5%BA%97%E8%A3%95%E9%9A%86%E5%9F%8E%E5%BA%97/@24.9875792,121.5240964,14.88z/data=!4m7!3m6!1s0x3468010068eebaa1:0x8dadf4f08530b1ee!8m2!3d24.9780311!4d121.5474338!15sCg5IT0xBIOijlemahuWfjpIBFWZ1cm5pdHVyZV9hY2Nlc3Nvcmllc-ABAA!16s%2Fg%2F11z7g_hxv7?entry=tts&g_ep=EgoyMDI2MDUxMy4wIPu8ASoASAFQAw%3D%3D&skid=a66304b1-b990-4975-bffc-a3868919d158",2026-09-11
HOLA,HOLA 新北重新店,新北市三重區重新路五段654號 B1,25.0432809,121.4675154,已核對（官方清單直接提供 Google Place）,Google Maps Place URL 精確座標,,False,"https://www.google.com/maps/place/HOLA+%E5%92%8C%E6%A8%82%E5%AE%B6%E5%B1%85+%E6%96%B0%E5%8C%97%E9%87%8D%E6%96%B0%E5%BA%97/@25.042513,121.4674278,18z/data=!4m6!3m5!1s0x3442a8674f1a0149:0xd92f8fe495d44599!8m2!3d25.0432809!4d121.4675154!16s%2Fg%2F11c5xxgwm_?entry=ttu&g_ep=EgoyMDI1MTAwNi4wIKXMDSoASAFQAw%3D%3D",2026-09-11
HOLA,HOLA 中和環球店,新北市中和區中山路三段122號 B2,25.0066732,121.4747785,已核對（官方清單直接提供 Google Place）,Google Maps Place URL 精確座標,,False,"https://www.google.com/maps/place/HOLA+%E5%92%8C%E6%A8%82%E5%AE%B6%E5%B1%85+%E4%B8%AD%E5%92%8C%E7%92%B0%E7%90%83%E5%BA%97/@25.0065732,121.4744422,18.5z/data=!3m1!5s0x3442a8272f74a955:0x1f2ebb6497ad94f5!4m6!3m5!1s0x3442a970609c3f55:0xac3d6647715ce38b!8m2!3d25.0066732!4d121.4747785!16s%2Fg%2F11lk9hjz2f?entry=ttu&g_ep=EgoyMDI1MTAwNi4wIKXMDSoASAFQAw%3D%3D",2026-09-11
HOLA,HOLA 新北土城店,新北市土城區青雲路 152號  3F,24.9833595,121.4589232,已核對（官方清單直接提供 Google Place）,Google Maps Place URL 精確座標,,False,"https://www.google.com/maps/place/HOLA+%E5%92%8C%E6%A8%82%E5%AE%B6%E5%B1%85+%E6%96%B0%E5%8C%97%E5%9C%9F%E5%9F%8E%E5%BA%97/@24.9833643,121.4563483,17z/data=!3m1!4b1!4m6!3m5!1s0x346802c669e5b037:0x131ee20f84d9e5fb!8m2!3d24.9833595!4d121.4589232!16s%2Fg%2F11clljf1kx?entry=ttu&g_ep=EgoyMDI1MTAwNi4wIKXMDSoASAFQAw%3D%3D",2026-09-11
HOLA,HOLA 林口三井店,新北市林口區文化二路一段123號 1F,25.0689959,121.3651209,已核對（官方清單直接提供 Google Place）,Google Maps Place URL 精確座標,,False,"https://www.google.com/maps/place/HOLA+%E5%92%8C%E6%A8%82%E5%AE%B6%E5%B1%85+%E6%9E%97%E5%8F%A3%E4%B8%89%E4%BA%95%E5%BA%97/@25.0690007,121.362546,17z/data=!3m1!4b1!4m6!3m5!1s0x3442a70040039acf:0xbe2b372ed85203b3!8m2!3d25.0689959!4d121.3651209!16s%2Fg%2F11y9pssm7k?entry=ttu&g_ep=EgoyMDI1MTAwNi4wIKXMDSoASAFQAw%3D%3D",2026-09-11
HOLA,HOLA 新北三峽店,新北市樹林區大成路85號 B1,24.9476402,121.3814919,已核對（官方清單直接提供 Google Place）,Google Maps Place URL 精確座標,,False,"https://www.google.com/maps/place/HOLA+%E5%92%8C%E6%A8%82%E5%AE%B6%E5%B1%85+%E6%96%B0%E5%8C%97%E4%B8%89%E5%B3%BD%E5%BA%97/@24.947645,121.378917,17z/data=!3m1!4b1!4m6!3m5!1s0x34681c73f3dc11e1:0x596a6667deb43926!8m2!3d24.9476402!4d121.3814919!16s%2Fg%2F12hk8lgmy?entry=ttu&g_ep=EgoyMDI1MTAwNi4wIKXMDSoASAFQAw%3D%3D",2026-09-11
HOLA,HOLA 桃園南崁店,桃園市蘆竹區中正路1號 1F,25.0401823,121.2947327,已核對（官方清單直接提供 Google Place）,Google Maps Place URL 精確座標,77.5,True,"https://www.google.com/maps/place/HOLA+%E5%92%8C%E6%A8%82%E5%AE%B6%E5%B1%85+%E6%A1%83%E5%9C%92%E5%8D%97%E5%B4%81%E5%BA%97/@25.0401871,121.2921578,17z/data=!3m2!4b1!5s0x34681fda4744a001:0x8b28d30cc9300e5c!4m6!3m5!1s0x34681fda38aabc3d:0xa745fdbf3c502544!8m2!3d25.0401823!4d121.2947327!16s%2Fg%2F1tczy7kk?entry=ttu&g_ep=EgoyMDI1MTAwNi4wIKXMDSoASAFQAw%3D%3D",2026-09-11
HOLA,HOLA 宜蘭羅東店,宜蘭縣羅東鎮光榮路388號,24.6794403,121.7780876,已核對（官方清單直接提供 Google Place）,Google Maps Place URL 精確座標,,False,"https://www.google.com/maps/place/HOLA+%E5%92%8C%E6%A8%82%E5%AE%B6%E5%B1%85+%E5%AE%9C%E8%98%AD%E7%BE%85%E6%9D%B1%E5%BA%97/@24.6794419,121.7772283,18z/data=!3m1!4b1!4m6!3m5!1s0x3467e6794b3b889f:0x959b7b7dc691b7c7!8m2!3d24.6794403!4d121.7780876!16s%2Fg%2F1pp2tzw9_?entry=ttu&g_ep=EgoyMDI1MTAwNi4wIKXMDSoASAFQAw%3D%3D",2026-09-11
HOLA,HOLA 竹北享平方店,新竹縣竹北市自強南路36號,24.8188908,121.0271594,已核對（官方清單直接提供 Google Place）,Google Maps Place URL 精確座標,53.8,True,"https://www.google.com/maps/place/HOLA%E5%92%8C%E6%A8%82%E5%AE%B6%E5%B1%85+%E4%BA%AB%E5%B9%B3%E6%96%B9%E5%BA%97/@24.8211204,121.0217303,17.5z/data=!4m6!3m5!1s0x3468370058833829:0x855fcc0c53aa8af7!8m2!3d24.8188908!4d121.0271594!16s%2Fg%2F11wr64m66l?entry=ttu&g_ep=EgoyMDI1MTAwNi4wIKXMDSoASAFQAw%3D%3D",2026-09-11
HOLA,HOLA 新竹店,新竹市東區公道五路二段469號 2F,24.8047339,120.9929349,已核對（官方清單直接提供 Google Place）,Google Maps Place URL 精確座標,37.8,True,"https://www.google.com/maps/place/HOLA+%E5%92%8C%E6%A8%82%E5%AE%B6%E5%B1%85+%E6%96%B0%E7%AB%B9%E5%BA%97/@24.8045666,120.9626761,14.25z/data=!4m6!3m5!1s0x34683676ced2e531:0xb485fadb1a7c9ec1!8m2!3d24.8047339!4d120.9929349!16s%2Fg%2F1vyst8kv?entry=ttu&g_ep=EgoyMDI1MTAwNi4wIKXMDSoASAFQAw%3D%3D",2026-09-11
HOLA,HOLA 台中北屯店,台中市北屯區北屯路407-1號 1F,24.1734645,120.6978537,已核對（官方清單直接提供 Google Place）,Google Maps Place URL 精確座標,67.2,True,"https://www.google.com/maps/place/HOLA+%E5%92%8C%E6%A8%82%E5%AE%B6%E5%B1%85+%E5%8F%B0%E4%B8%AD%E5%8C%97%E5%B1%AF%E5%BA%97/@24.1732669,120.6952734,17z/data=!4m6!3m5!1s0x346917ee59d60e95:0x80d3297d75a7221e!8m2!3d24.1734645!4d120.6978537!16s%2Fg%2F1pp2tx6y7?entry=ttu&g_ep=EgoyMDI1MTAwNi4wIKXMDSoASAFQAw%3D%3D",2026-09-11
HOLA,HOLA 台中西屯店,台中市西屯區台灣大道四段528號,24.178426,120.6255058,已核對（官方清單直接提供 Google Place）,Google Maps Place URL 精確座標,30.7,True,"https://www.google.com/maps/place/HOLA+%E5%92%8C%E6%A8%82%E5%AE%B6%E5%B1%85+%E5%8F%B0%E4%B8%AD%E8%A5%BF%E5%B1%AF%E5%BA%97/@24.1779257,120.6259994,18.83z/data=!4m6!3m5!1s0x346917825b47f355:0xd40b21342ee1247c!8m2!3d24.178426!4d120.6255058!16s%2Fg%2F11c1yh54pq?entry=ttu&g_ep=EgoyMDI1MTAwNi4wIKXMDSoASAFQAw%3D%3D",2026-09-11
HOLA,HOLA 台中大墩店,台中市南屯區大墩路533號 1F,24.1496028,120.6496546,已核對（官方清單直接提供 Google Place）,Google Maps Place URL 精確座標,,False,"https://www.google.com/maps/place/HOLA+%E5%92%8C%E6%A8%82%E5%AE%B6%E5%B1%85+%E5%8F%B0%E4%B8%AD%E5%A4%A7%E5%A2%A9%E5%BA%97/@24.1496077,120.6470797,17z/data=!3m2!4b1!5s0x34693d9605a0920b:0xf175c421e03a240f!4m6!3m5!1s0x34693d0c0bb9f54f:0xce67baae7237f78!8m2!3d24.1496028!4d120.6496546!16s%2Fg%2F11fl8zt33d?entry=ttu&g_ep=EgoyMDI1MTAwNi4wIKXMDSoASAFQAw%3D%3D",2026-09-11
HOLA,HOLA 彰化店,彰化縣和美鎮彰美路二段49號,24.0923229,120.5327388,已核對（官方清單直接提供 Google Place）,Google Maps Place URL 精確座標,,False,"https://www.google.com/maps/place/HOLA+%E5%92%8C%E6%A8%82%E5%AE%B6%E5%B1%85+%E5%BD%B0%E5%8C%96%E5%BA%97/@24.0923278,120.5301639,17z/data=!3m1!4b1!4m6!3m5!1s0x346938a16c7d8633:0xab3cbcc1fb05b965!8m2!3d24.0923229!4d120.5327388!16s%2Fg%2F1thl34wx?entry=ttu&g_ep=EgoyMDI1MTAwNi4wIKXMDSoASAFQAw%3D%3D",2026-09-11
HOLA,HOLA 嘉義店,嘉義市忠孝路549號,23.5012095,120.4487233,已核對（官方清單直接提供 Google Place）,Google Maps Place URL 精確座標,,False,"https://www.google.com/maps/place/HOLA+%E5%92%8C%E6%A8%82%E5%AE%B6%E5%B1%85+%E5%98%89%E7%BE%A9%E5%BA%97/@23.5012144,120.4461484,17z/data=!3m1!4b1!4m6!3m5!1s0x346e95c496f2bfc3:0x5746cfd105c8d21f!8m2!3d23.5012095!4d120.4487233!16s%2Fg%2F12htvmp_5?entry=ttu&g_ep=EgoyMDI1MTAwNi4wIKXMDSoASAFQAw%3D%3D",2026-09-11
HOLA,HOLA 台中漢神洲際店,台中市北屯區四民里崇德路三段865號5F,24.198321,120.6862189,已核對（官方清單直接提供 Google Place）,Google Maps Place URL 精確座標,,False,"https://www.google.com/maps/place/HOLA+%E5%8F%B0%E4%B8%AD%E6%BC%A2%E7%A5%9E%E6%B4%B2%E9%9A%9B%E5%BA%97/@24.1983405,120.6835236,17z/data=!4m7!3m6!1s0x3469170068315bb7:0xab81f123cd5bbc42!8m2!3d24.198321!4d120.6862189!15sChpIT0xBIOWPsOS4rea8ouelnua0sumam-W6l5IBEGhvbWVfZ29vZHNfc3RvcmXgAQA!16s%2Fg%2F11nc2hyr72?entry=tts&g_ep=EgoyMDI2MDUwMi4wIPu8ASoASAFQAw%3D%3D&skid=76cd6ecf-e0e2-46c5-998c-c081a6ac317f",2026-09-11
HOLA,HOLA 台南三越小北店,台南市北區西門路四段135號3F,23.0100722,120.2063922,已核對（官方清單直接提供 Google Place）,Google Maps Place URL 精確座標,,False,"https://www.google.com/maps/place/HOLA+%E5%92%8C%E6%A8%82%E5%AE%B6%E5%B1%85+%E5%8F%B0%E5%8D%97%E4%B8%89%E8%B6%8A%E5%B0%8F%E5%8C%97%E5%BA%97/@23.0100771,120.2038173,17z/data=!3m1!4b1!4m6!3m5!1s0x346e771a6e77706f:0xfa7f112de243ee2e!8m2!3d23.0100722!4d120.2063922!16s%2Fg%2F11xt2dk0qx?entry=ttu&g_ep=EgoyMDI1MTAwNi4wIKXMDSoASAFQAw%3D%3D",2026-09-11
HOLA,HOLA 台南仁德店,台南市仁德區中山路779號,22.972749,120.2457677,已核對（官方清單直接提供 Google Place）,Google Maps Place URL 精確座標,8.0,False,"https://www.google.com/maps/place/HOLA+%E5%92%8C%E6%A8%82%E5%AE%B6%E5%B1%85+%E5%8F%B0%E5%8D%97%E4%BB%81%E5%BE%B7%E5%BA%97/@22.9727539,120.2431928,17z/data=!3m1!4b1!4m6!3m5!1s0x346e76aa28fdc5ab:0xf2ed70f8a12e849f!8m2!3d22.972749!4d120.2457677!16s%2Fg%2F1tjz133y?entry=ttu&g_ep=EgoyMDI1MTAwNi4wIKXMDSoASAFQAw%3D%3D",2026-09-11
HOLA,HOLA 高雄左營店,高雄市左營區民族一路948號,22.6752361,120.3193695,已核對（官方清單直接提供 Google Place）,Google Maps Place URL 精確座標,73.7,True,"https://www.google.com/maps/place/HOLA+%E5%92%8C%E6%A8%82%E5%AE%B6%E5%B1%85+%E9%AB%98%E9%9B%84%E5%B7%A6%E7%87%9F%E5%BA%97/@22.675241,120.3167946,17z/data=!3m1!5s0x346e05156a088669:0x62fff5ea7c8766b6!4m6!3m5!1s0x346e05156a05b0a7:0x520e8c09d8a39abb!8m2!3d22.6752361!4d120.3193695!16s%2Fg%2F12vt9gc4y?entry=ttu&g_ep=EgoyMDI1MTAwNi4wIKXMDSoASAFQAw%3D%3D",2026-09-11
HOLA,HOLA 高雄夢時代店,高雄市前鎮區中華五路789號B2-B03區,22.5948482,120.3057399,已核對（官方清單直接提供 Google Place）,Google Maps Place URL 精確座標,,False,"https://www.google.com/maps/place/HOLA+%E5%92%8C%E6%A8%82%E5%AE%B6%E5%B1%85+%E9%AB%98%E9%9B%84%E5%A4%A2%E6%99%82%E4%BB%A3%E5%BA%97/@22.5948531,120.303165,17z/data=!3m2!4b1!5s0x346e0372e8d9952b:0xd1d960a5f0c3b4d6!4m6!3m5!1s0x346e0372f4ff4561:0x9bf59c40bc203700!8m2!3d22.5948482!4d120.3057399!16s%2Fg%2F1tgftc93?entry=ttu&g_ep=EgoyMDI1MTAwNi4wIKXMDSoASAFQAw%3D%3D",2026-09-11
hoi! 好好生活,hoi! 新北板橋遠百中山店,新北市板橋區中山路一段152號10樓,25.010977,121.4644505,已核對（官方座標與門市地址）,品牌官方 LocationV2 座標＋Google Maps 地址連結,,False,https://www.google.com/maps/search/?api=1&query=hoi%21%20%E6%96%B0%E5%8C%97%E6%9D%BF%E6%A9%8B%E9%81%A0%E7%99%BE%E4%B8%AD%E5%B1%B1%E5%BA%97%20%E6%96%B0%E5%8C%97%E5%B8%82%E6%9D%BF%E6%A9%8B%E5%8D%80%E4%B8%AD%E5%B1%B1%E8%B7%AF%E4%B8%80%E6%AE%B5152%E8%99%9F10%E6%A8%93,2026-09-11
hoi! 好好生活,hoi! 台中西屯店,台中市西屯區台灣大道四段528號2F,24.178439,120.6255068,已核對（官方座標與門市地址）,品牌官方 LocationV2 座標＋Google Maps 地址連結,30.2,True,https://www.google.com/maps/search/?api=1&query=hoi%21%20%E5%8F%B0%E4%B8%AD%E8%A5%BF%E5%B1%AF%E5%BA%97%20%E5%8F%B0%E4%B8%AD%E5%B8%82%E8%A5%BF%E5%B1%AF%E5%8D%80%E5%8F%B0%E7%81%A3%E5%A4%A7%E9%81%93%E5%9B%9B%E6%AE%B5528%E8%99%9F2F,2026-09-11
hoi! 好好生活,hoi! 台北微風南京店,台北市松山區南京東路三段337號B1,25.0519356,121.5483275,已核對（官方座標與門市地址）,品牌官方 LocationV2 座標＋Google Maps 地址連結,33.6,True,https://www.google.com/maps/search/?api=1&query=hoi%21%20%E5%8F%B0%E5%8C%97%E5%BE%AE%E9%A2%A8%E5%8D%97%E4%BA%AC%E5%BA%97%20%E5%8F%B0%E5%8C%97%E5%B8%82%E6%9D%BE%E5%B1%B1%E5%8D%80%E5%8D%97%E4%BA%AC%E6%9D%B1%E8%B7%AF%E4%B8%89%E6%AE%B5337%E8%99%9FB1,2026-09-11
hoi! 好好生活,hoi! 台中南屯店,台中市南屯區永春東路1318號,24.137264,120.6332641,已核對（官方座標與門市地址）,品牌官方 LocationV2 座標＋Google Maps 地址連結,4.1,False,https://www.google.com/maps/search/?api=1&query=hoi%21%20%E5%8F%B0%E4%B8%AD%E5%8D%97%E5%B1%AF%E5%BA%97%20%E5%8F%B0%E4%B8%AD%E5%B8%82%E5%8D%97%E5%B1%AF%E5%8D%80%E6%B0%B8%E6%98%A5%E6%9D%B1%E8%B7%AF1318%E8%99%9F,2026-09-11
hoi! 好好生活,hoi! 新北旗艦店-新店店(8/21試營運!),新北市新店區寶興里中興路三段1號4樓,24.9764469,121.5462938,已核對（官方座標與門市地址）,品牌官方 LocationV2 座標＋Google Maps 地址連結,,False,https://www.google.com/maps/search/?api=1&query=hoi%21%20%E6%96%B0%E5%8C%97%E6%97%97%E8%89%A6%E5%BA%97-%E6%96%B0%E5%BA%97%E5%BA%97%288/21%E8%A9%A6%E7%87%9F%E9%81%8B%21%29%20%E6%96%B0%E5%8C%97%E5%B8%82%E6%96%B0%E5%BA%97%E5%8D%80%E5%AF%B6%E8%88%88%E9%87%8C%E4%B8%AD%E8%88%88%E8%B7%AF%E4%B8%89%E6%AE%B51%E8%99%9F4%E6%A8%93,2026-09-11
hoi! 好好生活,hoi! 雲林斗六店,雲林縣斗六市公正里莊敬路268號2樓,23.703416,120.5470759,已核對（官方座標與門市地址）,品牌官方 LocationV2 座標＋Google Maps 地址連結,,False,https://www.google.com/maps/search/?api=1&query=hoi%21%20%E9%9B%B2%E6%9E%97%E6%96%97%E5%85%AD%E5%BA%97%20%E9%9B%B2%E6%9E%97%E7%B8%A3%E6%96%97%E5%85%AD%E5%B8%82%E5%85%AC%E6%AD%A3%E9%87%8C%E8%8E%8A%E6%95%AC%E8%B7%AF268%E8%99%9F2%E6%A8%93,2026-09-11
hoi! 好好生活,hoi! 台北旗艦店-內湖店,台北市內湖區新湖三路23號2樓,25.0622184,121.5741961,已核對（官方座標與門市地址）,品牌官方 LocationV2 座標＋Google Maps 地址連結,3.6,False,https://www.google.com/maps/search/?api=1&query=hoi%21%20%E5%8F%B0%E5%8C%97%E6%97%97%E8%89%A6%E5%BA%97-%E5%85%A7%E6%B9%96%E5%BA%97%20%E5%8F%B0%E5%8C%97%E5%B8%82%E5%85%A7%E6%B9%96%E5%8D%80%E6%96%B0%E6%B9%96%E4%B8%89%E8%B7%AF23%E8%99%9F2%E6%A8%93,2026-09-11
hoi! 好好生活,hoi! 宜蘭金東店,宜蘭縣宜蘭市宜興路一段159號,24.752582,121.7563871,已核對（官方座標與門市地址）,品牌官方 LocationV2 座標＋Google Maps 地址連結,,False,https://www.google.com/maps/search/?api=1&query=hoi%21%20%E5%AE%9C%E8%98%AD%E9%87%91%E6%9D%B1%E5%BA%97%20%E5%AE%9C%E8%98%AD%E7%B8%A3%E5%AE%9C%E8%98%AD%E5%B8%82%E5%AE%9C%E8%88%88%E8%B7%AF%E4%B8%80%E6%AE%B5159%E8%99%9F,2026-09-11
hoi! 好好生活,hoi! 台南大遠百成功店,台南市東區前鋒路210號B1F,22.9971922,120.2128513,已核對（官方座標與門市地址）,品牌官方 LocationV2 座標＋Google Maps 地址連結,126.7,True,https://www.google.com/maps/search/?api=1&query=hoi%21%20%E5%8F%B0%E5%8D%97%E5%A4%A7%E9%81%A0%E7%99%BE%E6%88%90%E5%8A%9F%E5%BA%97%20%E5%8F%B0%E5%8D%97%E5%B8%82%E6%9D%B1%E5%8D%80%E5%89%8D%E9%8B%92%E8%B7%AF210%E8%99%9FB1F,2026-09-11
hoi! 好好生活,hoi! 台東店,台東縣台東市寶桑路373號1樓,22.7583402,121.1518563,已核對（官方座標與門市地址）,品牌官方 LocationV2 座標＋Google Maps 地址連結,,False,https://www.google.com/maps/search/?api=1&query=hoi%21%20%E5%8F%B0%E6%9D%B1%E5%BA%97%20%E5%8F%B0%E6%9D%B1%E7%B8%A3%E5%8F%B0%E6%9D%B1%E5%B8%82%E5%AF%B6%E6%A1%91%E8%B7%AF373%E8%99%9F1%E6%A8%93,2026-09-11
hoi! 好好生活,hoi! 花蓮專櫃(特力屋花蓮店內),花蓮縣花蓮市林森路176號,23.9785098,121.6012053,已核對（官方座標與門市地址）,品牌官方 LocationV2 座標＋Google Maps 地址連結,7.2,False,https://www.google.com/maps/search/?api=1&query=hoi%21%20%E8%8A%B1%E8%93%AE%E5%B0%88%E6%AB%83%28%E7%89%B9%E5%8A%9B%E5%B1%8B%E8%8A%B1%E8%93%AE%E5%BA%97%E5%85%A7%29%20%E8%8A%B1%E8%93%AE%E7%B8%A3%E8%8A%B1%E8%93%AE%E5%B8%82%E6%9E%97%E6%A3%AE%E8%B7%AF176%E8%99%9F,2026-09-11
hoi! 好好生活,hoi! 高雄左營店,高雄市左營區民族一路948號2樓,22.6752361,120.3193693,已核對（官方座標與門市地址）,品牌官方 LocationV2 座標＋Google Maps 地址連結,73.6,True,https://www.google.com/maps/search/?api=1&query=hoi%21%20%E9%AB%98%E9%9B%84%E5%B7%A6%E7%87%9F%E5%BA%97%20%E9%AB%98%E9%9B%84%E5%B8%82%E5%B7%A6%E7%87%9F%E5%8D%80%E6%B0%91%E6%97%8F%E4%B8%80%E8%B7%AF948%E8%99%9F2%E6%A8%93,2026-09-11
hoi! 好好生活,hoi! 台南仁德店,台南市仁德區中山路777號2樓,22.9727816,120.2460619,已核對（官方座標與門市地址）,品牌官方 LocationV2 座標＋Google Maps 地址連結,16.0,False,https://www.google.com/maps/search/?api=1&query=hoi%21%20%E5%8F%B0%E5%8D%97%E4%BB%81%E5%BE%B7%E5%BA%97%20%E5%8F%B0%E5%8D%97%E5%B8%82%E4%BB%81%E5%BE%B7%E5%8D%80%E4%B8%AD%E5%B1%B1%E8%B7%AF777%E8%99%9F2%E6%A8%93,2026-09-11
hoi! 好好生活,hoi! 新北新莊宏匯店,新北市新莊區新北大道四段3號6F,25.0595872,121.4495418,已核對（官方座標與門市地址）,品牌官方 LocationV2 座標＋Google Maps 地址連結,,False,https://www.google.com/maps/search/?api=1&query=hoi%21%20%E6%96%B0%E5%8C%97%E6%96%B0%E8%8E%8A%E5%AE%8F%E5%8C%AF%E5%BA%97%20%E6%96%B0%E5%8C%97%E5%B8%82%E6%96%B0%E8%8E%8A%E5%8D%80%E6%96%B0%E5%8C%97%E5%A4%A7%E9%81%93%E5%9B%9B%E6%AE%B53%E8%99%9F6F,2026-09-11
hoi! 好好生活,hoi! 台中復興店,台中市南區復興路一段359號2樓,24.1148698,120.6542225,已核對（官方座標與門市地址）,品牌官方 LocationV2 座標＋Google Maps 地址連結,,False,https://www.google.com/maps/search/?api=1&query=hoi%21%20%E5%8F%B0%E4%B8%AD%E5%BE%A9%E8%88%88%E5%BA%97%20%E5%8F%B0%E4%B8%AD%E5%B8%82%E5%8D%97%E5%8D%80%E5%BE%A9%E8%88%88%E8%B7%AF%E4%B8%80%E6%AE%B5359%E8%99%9F2%E6%A8%93,2026-09-11
hoi! 好好生活,hoi! 桃園旗艦店-八德,桃園市八德區介壽路一段479號2樓,24.9688634,121.3016436,已核對（官方座標與門市地址）,品牌官方 LocationV2 座標＋Google Maps 地址連結,15.2,False,https://www.google.com/maps/search/?api=1&query=hoi%21%20%E6%A1%83%E5%9C%92%E6%97%97%E8%89%A6%E5%BA%97-%E5%85%AB%E5%BE%B7%20%E6%A1%83%E5%9C%92%E5%B8%82%E5%85%AB%E5%BE%B7%E5%8D%80%E4%BB%8B%E5%A3%BD%E8%B7%AF%E4%B8%80%E6%AE%B5479%E8%99%9F2%E6%A8%93,2026-09-11
hoi! 好好生活,hoi! 桃園大江店,桃園市中壢區中園路二段501號GB樓,25.0015283,121.2284747,已核對（官方座標與門市地址）,品牌官方 LocationV2 座標＋Google Maps 地址連結,125.3,True,https://www.google.com/maps/search/?api=1&query=hoi%21%20%E6%A1%83%E5%9C%92%E5%A4%A7%E6%B1%9F%E5%BA%97%20%E6%A1%83%E5%9C%92%E5%B8%82%E4%B8%AD%E5%A3%A2%E5%8D%80%E4%B8%AD%E5%9C%92%E8%B7%AF%E4%BA%8C%E6%AE%B5501%E8%99%9FGB%E6%A8%93,2026-09-11
hoi! 好好生活,hoi! 新竹遠東竹北店,新竹縣竹北市莊敬北路18號5樓,24.8240414,121.0238778,已核對（官方座標與門市地址）,品牌官方 LocationV2 座標＋Google Maps 地址連結,48.6,True,https://www.google.com/maps/search/?api=1&query=hoi%21%20%E6%96%B0%E7%AB%B9%E9%81%A0%E6%9D%B1%E7%AB%B9%E5%8C%97%E5%BA%97%20%E6%96%B0%E7%AB%B9%E7%B8%A3%E7%AB%B9%E5%8C%97%E5%B8%82%E8%8E%8A%E6%95%AC%E5%8C%97%E8%B7%AF18%E8%99%9F5%E6%A8%93,2026-09-11
hoi! 好好生活,hoi! 桃園南崁店,桃園市蘆竹區中正路1號B1,25.0400904,121.294785,已核對（官方座標與門市地址）,品牌官方 LocationV2 座標＋Google Maps 地址連結,,False,https://www.google.com/maps/search/?api=1&query=hoi%21%20%E6%A1%83%E5%9C%92%E5%8D%97%E5%B4%81%E5%BA%97%20%E6%A1%83%E5%9C%92%E5%B8%82%E8%98%86%E7%AB%B9%E5%8D%80%E4%B8%AD%E6%AD%A3%E8%B7%AF1%E8%99%9FB1,2026-09-11
無印良品,無印良品 微風松高旗艦店,台北市信義區松高路16號1-2F（微風松高）,25.038729,121.567277,已核對（門市名稱、地址與地圖落點）,官方門市地址＋Google Maps 門市搜尋,0.0,False,https://www.google.com/maps/search/?api=1&query=%E7%84%A1%E5%8D%B0%E8%89%AF%E5%93%81%20%E5%BE%AE%E9%A2%A8%E6%9D%BE%E9%AB%98%E6%97%97%E8%89%A6%E5%BA%97%20%E5%8F%B0%E5%8C%97%E5%B8%82%E4%BF%A1%E7%BE%A9%E5%8D%80%E6%9D%BE%E9%AB%98%E8%B7%AF16%E8%99%9F1-2F%EF%BC%88%E5%BE%AE%E9%A2%A8%E6%9D%BE%E9%AB%98%EF%BC%89,2026-09-11
無印良品,無印良品 統一時代門市,台北市信義區忠孝東路五段8號B2F（統一時代百貨台北店）,25.040865,121.565417,已核對（門市名稱、地址與地圖落點）,官方門市地址＋Google Maps 門市搜尋,0.0,False,https://www.google.com/maps/search/?api=1&query=%E7%84%A1%E5%8D%B0%E8%89%AF%E5%93%81%20%E7%B5%B1%E4%B8%80%E6%99%82%E4%BB%A3%E9%96%80%E5%B8%82%20%E5%8F%B0%E5%8C%97%E5%B8%82%E4%BF%A1%E7%BE%A9%E5%8D%80%E5%BF%A0%E5%AD%9D%E6%9D%B1%E8%B7%AF%E4%BA%94%E6%AE%B58%E8%99%9FB2F%EF%BC%88%E7%B5%B1%E4%B8%80%E6%99%82%E4%BB%A3%E7%99%BE%E8%B2%A8%E5%8F%B0%E5%8C%97%E5%BA%97%EF%BC%89,2026-09-11
無印良品,無印良品 美麗華旗艦店,台北市中山區敬業三路20號2F（美麗華百樂園漾館）,25.082926,121.556712,已核對（門市名稱、地址與地圖落點）,官方門市地址＋Google Maps 門市搜尋,0.0,False,https://www.google.com/maps/search/?api=1&query=%E7%84%A1%E5%8D%B0%E8%89%AF%E5%93%81%20%E7%BE%8E%E9%BA%97%E8%8F%AF%E6%97%97%E8%89%A6%E5%BA%97%20%E5%8F%B0%E5%8C%97%E5%B8%82%E4%B8%AD%E5%B1%B1%E5%8D%80%E6%95%AC%E6%A5%AD%E4%B8%89%E8%B7%AF20%E8%99%9F2F%EF%BC%88%E7%BE%8E%E9%BA%97%E8%8F%AF%E7%99%BE%E6%A8%82%E5%9C%92%E6%BC%BE%E9%A4%A8%EF%BC%89,2026-09-11
無印良品,無印良品 微風台北車站門市,台北市中正區北平西路3號2F（微風台北車站）,25.047176,121.517058,已核對（門市名稱、地址與地圖落點）,官方門市地址＋Google Maps 門市搜尋,0.0,False,https://www.google.com/maps/search/?api=1&query=%E7%84%A1%E5%8D%B0%E8%89%AF%E5%93%81%20%E5%BE%AE%E9%A2%A8%E5%8F%B0%E5%8C%97%E8%BB%8A%E7%AB%99%E9%96%80%E5%B8%82%20%E5%8F%B0%E5%8C%97%E5%B8%82%E4%B8%AD%E6%AD%A3%E5%8D%80%E5%8C%97%E5%B9%B3%E8%A5%BF%E8%B7%AF3%E8%99%9F2F%EF%BC%88%E5%BE%AE%E9%A2%A8%E5%8F%B0%E5%8C%97%E8%BB%8A%E7%AB%99%EF%BC%89,2026-09-11
無印良品,無印良品 新光三越台北南西門市,台北市中山區南京西路15號B1（新光三越台北南西店三館）,25.052744,121.520942,已核對（門市名稱、地址與地圖落點）,官方門市地址＋Google Maps 門市搜尋,0.0,False,https://www.google.com/maps/search/?api=1&query=%E7%84%A1%E5%8D%B0%E8%89%AF%E5%93%81%20%E6%96%B0%E5%85%89%E4%B8%89%E8%B6%8A%E5%8F%B0%E5%8C%97%E5%8D%97%E8%A5%BF%E9%96%80%E5%B8%82%20%E5%8F%B0%E5%8C%97%E5%B8%82%E4%B8%AD%E5%B1%B1%E5%8D%80%E5%8D%97%E4%BA%AC%E8%A5%BF%E8%B7%AF15%E8%99%9FB1%EF%BC%88%E6%96%B0%E5%85%89%E4%B8%89%E8%B6%8A%E5%8F%B0%E5%8C%97%E5%8D%97%E8%A5%BF%E5%BA%97%E4%B8%89%E9%A4%A8%EF%BC%89,2026-09-11
無印良品,無印良品 遠東SOGO復興館門市,台北市大安區忠孝東路三段300號6F（SOGO復興館）,25.041212,121.543057,已核對（門市名稱、地址與地圖落點）,官方門市地址＋Google Maps 門市搜尋,0.0,False,https://www.google.com/maps/search/?api=1&query=%E7%84%A1%E5%8D%B0%E8%89%AF%E5%93%81%20%E9%81%A0%E6%9D%B1SOGO%E5%BE%A9%E8%88%88%E9%A4%A8%E9%96%80%E5%B8%82%20%E5%8F%B0%E5%8C%97%E5%B8%82%E5%A4%A7%E5%AE%89%E5%8D%80%E5%BF%A0%E5%AD%9D%E6%9D%B1%E8%B7%AF%E4%B8%89%E6%AE%B5300%E8%99%9F6F%EF%BC%88SOGO%E5%BE%A9%E8%88%88%E9%A4%A8%EF%BC%89,2026-09-11
無印良品,無印良品 微風南京門市,台北市松山區南京東路三段337號B1（微風南京）,25.051963,121.547995,已核對（門市名稱、地址與地圖落點）,官方門市地址＋Google Maps 門市搜尋,0.0,False,https://www.google.com/maps/search/?api=1&query=%E7%84%A1%E5%8D%B0%E8%89%AF%E5%93%81%20%E5%BE%AE%E9%A2%A8%E5%8D%97%E4%BA%AC%E9%96%80%E5%B8%82%20%E5%8F%B0%E5%8C%97%E5%B8%82%E6%9D%BE%E5%B1%B1%E5%8D%80%E5%8D%97%E4%BA%AC%E6%9D%B1%E8%B7%AF%E4%B8%89%E6%AE%B5337%E8%99%9FB1%EF%BC%88%E5%BE%AE%E9%A2%A8%E5%8D%97%E4%BA%AC%EF%BC%89,2026-09-11
無印良品,無印良品 館前門市,台北市中正區忠孝西路一段66號3F（新光三越台北站前店）,25.046226,121.515302,已核對（門市名稱、地址與地圖落點）,官方門市地址＋Google Maps 門市搜尋,0.0,False,https://www.google.com/maps/search/?api=1&query=%E7%84%A1%E5%8D%B0%E8%89%AF%E5%93%81%20%E9%A4%A8%E5%89%8D%E9%96%80%E5%B8%82%20%E5%8F%B0%E5%8C%97%E5%B8%82%E4%B8%AD%E6%AD%A3%E5%8D%80%E5%BF%A0%E5%AD%9D%E8%A5%BF%E8%B7%AF%E4%B8%80%E6%AE%B566%E8%99%9F3F%EF%BC%88%E6%96%B0%E5%85%89%E4%B8%89%E8%B6%8A%E5%8F%B0%E5%8C%97%E7%AB%99%E5%89%8D%E5%BA%97%EF%BC%89,2026-09-11
無印良品,無印良品 天母門市,台北市士林區天母東路68號B棟3F（新光三越天母店）,25.117974,121.534102,已核對（門市名稱、地址與地圖落點）,官方門市地址＋Google Maps 門市搜尋,0.0,False,https://www.google.com/maps/search/?api=1&query=%E7%84%A1%E5%8D%B0%E8%89%AF%E5%93%81%20%E5%A4%A9%E6%AF%8D%E9%96%80%E5%B8%82%20%E5%8F%B0%E5%8C%97%E5%B8%82%E5%A3%AB%E6%9E%97%E5%8D%80%E5%A4%A9%E6%AF%8D%E6%9D%B1%E8%B7%AF68%E8%99%9FB%E6%A3%9F3F%EF%BC%88%E6%96%B0%E5%85%89%E4%B8%89%E8%B6%8A%E5%A4%A9%E6%AF%8D%E5%BA%97%EF%BC%89,2026-09-11
無印良品,無印良品 大葉高島屋門市,台北市士林區忠誠路二段55號4F（大葉高島屋）,25.111811,121.531438,已核對（門市名稱、地址與地圖落點）,官方門市地址＋Google Maps 門市搜尋,0.0,False,https://www.google.com/maps/search/?api=1&query=%E7%84%A1%E5%8D%B0%E8%89%AF%E5%93%81%20%E5%A4%A7%E8%91%89%E9%AB%98%E5%B3%B6%E5%B1%8B%E9%96%80%E5%B8%82%20%E5%8F%B0%E5%8C%97%E5%B8%82%E5%A3%AB%E6%9E%97%E5%8D%80%E5%BF%A0%E8%AA%A0%E8%B7%AF%E4%BA%8C%E6%AE%B555%E8%99%9F4F%EF%BC%88%E5%A4%A7%E8%91%89%E9%AB%98%E5%B3%B6%E5%B1%8B%EF%BC%89,2026-09-11
無印良品,無印良品 京站門市,台北市大同區承德路一段1號B1（Q square 京站時尚廣場）,25.04909,121.516784,已核對（門市名稱、地址與地圖落點）,官方門市地址＋Google Maps 門市搜尋,0.0,False,https://www.google.com/maps/search/?api=1&query=%E7%84%A1%E5%8D%B0%E8%89%AF%E5%93%81%20%E4%BA%AC%E7%AB%99%E9%96%80%E5%B8%82%20%E5%8F%B0%E5%8C%97%E5%B8%82%E5%A4%A7%E5%90%8C%E5%8D%80%E6%89%BF%E5%BE%B7%E8%B7%AF%E4%B8%80%E6%AE%B51%E8%99%9FB1%EF%BC%88Q%20square%20%E4%BA%AC%E7%AB%99%E6%99%82%E5%B0%9A%E5%BB%A3%E5%A0%B4%EF%BC%89,2026-09-11
無印良品,無印良品 CITYLINK南港門市,台北市南港區忠孝東路七段369號C棟2F（CITYLINK南港店）,25.051987,121.604933,已核對（門市名稱、地址與地圖落點）,官方門市地址＋Google Maps 門市搜尋,0.0,False,https://www.google.com/maps/search/?api=1&query=%E7%84%A1%E5%8D%B0%E8%89%AF%E5%93%81%20CITYLINK%E5%8D%97%E6%B8%AF%E9%96%80%E5%B8%82%20%E5%8F%B0%E5%8C%97%E5%B8%82%E5%8D%97%E6%B8%AF%E5%8D%80%E5%BF%A0%E5%AD%9D%E6%9D%B1%E8%B7%AF%E4%B8%83%E6%AE%B5369%E8%99%9FC%E6%A3%9F2F%EF%BC%88CITYLINK%E5%8D%97%E6%B8%AF%E5%BA%97%EF%BC%89,2026-09-11
無印良品,無印良品 CITYLINK內湖門市,台北市內湖區成功路四段188號1F（CITYLINK內湖店）,25.084081,121.594547,已核對（門市名稱、地址與地圖落點）,官方門市地址＋Google Maps 門市搜尋,0.0,False,https://www.google.com/maps/search/?api=1&query=%E7%84%A1%E5%8D%B0%E8%89%AF%E5%93%81%20CITYLINK%E5%85%A7%E6%B9%96%E9%96%80%E5%B8%82%20%E5%8F%B0%E5%8C%97%E5%B8%82%E5%85%A7%E6%B9%96%E5%8D%80%E6%88%90%E5%8A%9F%E8%B7%AF%E5%9B%9B%E6%AE%B5188%E8%99%9F1F%EF%BC%88CITYLINK%E5%85%A7%E6%B9%96%E5%BA%97%EF%BC%89,2026-09-11
無印良品,無印良品 景美瀚星門市,台北市文山區景中街30號2F（瀚星百貨）,24.992763,121.542306,已核對（門市名稱、地址與地圖落點）,官方門市地址＋Google Maps 門市搜尋,0.0,False,https://www.google.com/maps/search/?api=1&query=%E7%84%A1%E5%8D%B0%E8%89%AF%E5%93%81%20%E6%99%AF%E7%BE%8E%E7%80%9A%E6%98%9F%E9%96%80%E5%B8%82%20%E5%8F%B0%E5%8C%97%E5%B8%82%E6%96%87%E5%B1%B1%E5%8D%80%E6%99%AF%E4%B8%AD%E8%A1%9730%E8%99%9F2F%EF%BC%88%E7%80%9A%E6%98%9F%E7%99%BE%E8%B2%A8%EF%BC%89,2026-09-11
無印良品,無印良品 板橋車站門市,新北市板橋區縣民大道二段7號B1（Global Mall 板橋車站）,25.013859,121.464032,已核對（門市名稱、地址與地圖落點）,官方門市地址＋Google Maps 門市搜尋,0.0,False,https://www.google.com/maps/search/?api=1&query=%E7%84%A1%E5%8D%B0%E8%89%AF%E5%93%81%20%E6%9D%BF%E6%A9%8B%E8%BB%8A%E7%AB%99%E9%96%80%E5%B8%82%20%E6%96%B0%E5%8C%97%E5%B8%82%E6%9D%BF%E6%A9%8B%E5%8D%80%E7%B8%A3%E6%B0%91%E5%A4%A7%E9%81%93%E4%BA%8C%E6%AE%B57%E8%99%9FB1%EF%BC%88Global%20Mall%20%E6%9D%BF%E6%A9%8B%E8%BB%8A%E7%AB%99%EF%BC%89,2026-09-11
無印良品,無印良品 板橋大遠百門市,新北市板橋區新站路28號7F（Mega City 板橋大遠百）,25.013678,121.466619,已核對（門市名稱、地址與地圖落點）,官方門市地址＋Google Maps 門市搜尋,0.0,False,https://www.google.com/maps/search/?api=1&query=%E7%84%A1%E5%8D%B0%E8%89%AF%E5%93%81%20%E6%9D%BF%E6%A9%8B%E5%A4%A7%E9%81%A0%E7%99%BE%E9%96%80%E5%B8%82%20%E6%96%B0%E5%8C%97%E5%B8%82%E6%9D%BF%E6%A9%8B%E5%8D%80%E6%96%B0%E7%AB%99%E8%B7%AF28%E8%99%9F7F%EF%BC%88Mega%20City%20%E6%9D%BF%E6%A9%8B%E5%A4%A7%E9%81%A0%E7%99%BE%EF%BC%89,2026-09-11
無印良品,無印良品 遠東百貨板橋門市,新北市板橋區中山路一段152號B1（遠百板橋中山店）,25.01104,121.464423,已核對（門市名稱、地址與地圖落點）,官方門市地址＋Google Maps 門市搜尋,0.0,False,https://www.google.com/maps/search/?api=1&query=%E7%84%A1%E5%8D%B0%E8%89%AF%E5%93%81%20%E9%81%A0%E6%9D%B1%E7%99%BE%E8%B2%A8%E6%9D%BF%E6%A9%8B%E9%96%80%E5%B8%82%20%E6%96%B0%E5%8C%97%E5%B8%82%E6%9D%BF%E6%A9%8B%E5%8D%80%E4%B8%AD%E5%B1%B1%E8%B7%AF%E4%B8%80%E6%AE%B5152%E8%99%9FB1%EF%BC%88%E9%81%A0%E7%99%BE%E6%9D%BF%E6%A9%8B%E4%B8%AD%E5%B1%B1%E5%BA%97%EF%BC%89,2026-09-11
無印良品,無印良品 新店裕隆城門市,新北市新店區中興路三段70號5F（誠品生活新店裕隆城）,24.977749,121.546363,已核對（門市名稱、地址與地圖落點）,官方門市地址＋Google Maps 門市搜尋,0.0,False,https://www.google.com/maps/search/?api=1&query=%E7%84%A1%E5%8D%B0%E8%89%AF%E5%93%81%20%E6%96%B0%E5%BA%97%E8%A3%95%E9%9A%86%E5%9F%8E%E9%96%80%E5%B8%82%20%E6%96%B0%E5%8C%97%E5%B8%82%E6%96%B0%E5%BA%97%E5%8D%80%E4%B8%AD%E8%88%88%E8%B7%AF%E4%B8%89%E6%AE%B570%E8%99%9F5F%EF%BC%88%E8%AA%A0%E5%93%81%E7%94%9F%E6%B4%BB%E6%96%B0%E5%BA%97%E8%A3%95%E9%9A%86%E5%9F%8E%EF%BC%89,2026-09-11
無印良品,無印良品 中和環球門市,新北市中和區中山路三段122號B1（Global Mall 新北中和）,25.006077,121.475689,已核對（門市名稱、地址與地圖落點）,官方門市地址＋Google Maps 門市搜尋,0.0,False,https://www.google.com/maps/search/?api=1&query=%E7%84%A1%E5%8D%B0%E8%89%AF%E5%93%81%20%E4%B8%AD%E5%92%8C%E7%92%B0%E7%90%83%E9%96%80%E5%B8%82%20%E6%96%B0%E5%8C%97%E5%B8%82%E4%B8%AD%E5%92%8C%E5%8D%80%E4%B8%AD%E5%B1%B1%E8%B7%AF%E4%B8%89%E6%AE%B5122%E8%99%9FB1%EF%BC%88Global%20Mall%20%E6%96%B0%E5%8C%97%E4%B8%AD%E5%92%8C%EF%BC%89,2026-09-11
無印良品,無印良品 永和比漾門市,新北市永和區中山路一段238號4F（比漾廣場）,25.007836,121.507646,已核對（門市名稱、地址與地圖落點）,官方門市地址＋Google Maps 門市搜尋,0.0,False,https://www.google.com/maps/search/?api=1&query=%E7%84%A1%E5%8D%B0%E8%89%AF%E5%93%81%20%E6%B0%B8%E5%92%8C%E6%AF%94%E6%BC%BE%E9%96%80%E5%B8%82%20%E6%96%B0%E5%8C%97%E5%B8%82%E6%B0%B8%E5%92%8C%E5%8D%80%E4%B8%AD%E5%B1%B1%E8%B7%AF%E4%B8%80%E6%AE%B5238%E8%99%9F4F%EF%BC%88%E6%AF%94%E6%BC%BE%E5%BB%A3%E5%A0%B4%EF%BC%89,2026-09-11
無印良品,無印良品 新莊宏匯門市,新北市新莊區新北大道四段3號2F（宏匯廣場）,25.059944,121.449451,已核對（門市名稱、地址與地圖落點）,官方門市地址＋Google Maps 門市搜尋,0.0,False,https://www.google.com/maps/search/?api=1&query=%E7%84%A1%E5%8D%B0%E8%89%AF%E5%93%81%20%E6%96%B0%E8%8E%8A%E5%AE%8F%E5%8C%AF%E9%96%80%E5%B8%82%20%E6%96%B0%E5%8C%97%E5%B8%82%E6%96%B0%E8%8E%8A%E5%8D%80%E6%96%B0%E5%8C%97%E5%A4%A7%E9%81%93%E5%9B%9B%E6%AE%B53%E8%99%9F2F%EF%BC%88%E5%AE%8F%E5%8C%AF%E5%BB%A3%E5%A0%B4%EF%BC%89,2026-09-11
無印良品,無印良品 三重重新門市,新北市三重區重新路五段654號B1（家樂福重新店）,25.04307,121.467123,已核對（門市名稱、地址與地圖落點）,官方門市地址＋Google Maps 門市搜尋,0.0,False,https://www.google.com/maps/search/?api=1&query=%E7%84%A1%E5%8D%B0%E8%89%AF%E5%93%81%20%E4%B8%89%E9%87%8D%E9%87%8D%E6%96%B0%E9%96%80%E5%B8%82%20%E6%96%B0%E5%8C%97%E5%B8%82%E4%B8%89%E9%87%8D%E5%8D%80%E9%87%8D%E6%96%B0%E8%B7%AF%E4%BA%94%E6%AE%B5654%E8%99%9FB1%EF%BC%88%E5%AE%B6%E6%A8%82%E7%A6%8F%E9%87%8D%E6%96%B0%E5%BA%97%EF%BC%89,2026-09-11
無印良品,無印良品 林口三井門市,新北市林口區文化三路一段356號1F（MITSUI OUTLET PARK 林口）,25.071241,121.363547,已核對（門市名稱、地址與地圖落點）,官方門市地址＋Google Maps 門市搜尋,0.0,False,https://www.google.com/maps/search/?api=1&query=%E7%84%A1%E5%8D%B0%E8%89%AF%E5%93%81%20%E6%9E%97%E5%8F%A3%E4%B8%89%E4%BA%95%E9%96%80%E5%B8%82%20%E6%96%B0%E5%8C%97%E5%B8%82%E6%9E%97%E5%8F%A3%E5%8D%80%E6%96%87%E5%8C%96%E4%B8%89%E8%B7%AF%E4%B8%80%E6%AE%B5356%E8%99%9F1F%EF%BC%88MITSUI%20OUTLET%20PARK%20%E6%9E%97%E5%8F%A3%EF%BC%89,2026-09-11
無印良品,無印良品 汐止遠雄門市,新北市汐止區新台五路一段99號2F（iFG遠雄廣場）,25.061622,121.648249,已核對（門市名稱、地址與地圖落點）,官方門市地址＋Google Maps 門市搜尋,0.0,False,https://www.google.com/maps/search/?api=1&query=%E7%84%A1%E5%8D%B0%E8%89%AF%E5%93%81%20%E6%B1%90%E6%AD%A2%E9%81%A0%E9%9B%84%E9%96%80%E5%B8%82%20%E6%96%B0%E5%8C%97%E5%B8%82%E6%B1%90%E6%AD%A2%E5%8D%80%E6%96%B0%E5%8F%B0%E4%BA%94%E8%B7%AF%E4%B8%80%E6%AE%B599%E8%99%9F2F%EF%BC%88iFG%E9%81%A0%E9%9B%84%E5%BB%A3%E5%A0%B4%EF%BC%89,2026-09-11
無印良品,無印良品 樹林秀泰門市,新北市樹林區樹新路40-6號4F（秀泰生活樹林店）,24.995447,121.428338,已核對（門市名稱、地址與地圖落點）,官方門市地址＋Google Maps 門市搜尋,0.0,False,https://www.google.com/maps/search/?api=1&query=%E7%84%A1%E5%8D%B0%E8%89%AF%E5%93%81%20%E6%A8%B9%E6%9E%97%E7%A7%80%E6%B3%B0%E9%96%80%E5%B8%82%20%E6%96%B0%E5%8C%97%E5%B8%82%E6%A8%B9%E6%9E%97%E5%8D%80%E6%A8%B9%E6%96%B0%E8%B7%AF40-6%E8%99%9F4F%EF%BC%88%E7%A7%80%E6%B3%B0%E7%94%9F%E6%B4%BB%E6%A8%B9%E6%9E%97%E5%BA%97%EF%BC%89,2026-09-11
無印良品,無印良品 徐匯廣場門市,新北市蘆洲區中山一路8號3F（徐匯廣場）,25.080497,121.480364,已核對（門市名稱、地址與地圖落點）,官方門市地址＋Google Maps 門市搜尋,0.0,False,https://www.google.com/maps/search/?api=1&query=%E7%84%A1%E5%8D%B0%E8%89%AF%E5%93%81%20%E5%BE%90%E5%8C%AF%E5%BB%A3%E5%A0%B4%E9%96%80%E5%B8%82%20%E6%96%B0%E5%8C%97%E5%B8%82%E8%98%86%E6%B4%B2%E5%8D%80%E4%B8%AD%E5%B1%B1%E4%B8%80%E8%B7%AF8%E8%99%9F3F%EF%BC%88%E5%BE%90%E5%8C%AF%E5%BB%A3%E5%A0%B4%EF%BC%89,2026-09-11
無印良品,無印良品 基隆皇冠門市,基隆市中正區信一路177號3F（皇冠商業大樓）,25.130722,121.744789,已核對（門市名稱、地址與地圖落點）,官方門市地址＋Google Maps 門市搜尋,0.0,False,https://www.google.com/maps/search/?api=1&query=%E7%84%A1%E5%8D%B0%E8%89%AF%E5%93%81%20%E5%9F%BA%E9%9A%86%E7%9A%87%E5%86%A0%E9%96%80%E5%B8%82%20%E5%9F%BA%E9%9A%86%E5%B8%82%E4%B8%AD%E6%AD%A3%E5%8D%80%E4%BF%A1%E4%B8%80%E8%B7%AF177%E8%99%9F3F%EF%BC%88%E7%9A%87%E5%86%A0%E5%95%86%E6%A5%AD%E5%A4%A7%E6%A8%93%EF%BC%89,2026-09-11
無印良品,無印良品 桃園遠東門市,桃園市桃園區中正路20號3F（遠東百貨桃園店）,25.044295,121.294049,已核對（門市名稱、地址與地圖落點）,官方門市地址＋Google Maps 門市搜尋,0.0,False,https://www.google.com/maps/search/?api=1&query=%E7%84%A1%E5%8D%B0%E8%89%AF%E5%93%81%20%E6%A1%83%E5%9C%92%E9%81%A0%E6%9D%B1%E9%96%80%E5%B8%82%20%E6%A1%83%E5%9C%92%E5%B8%82%E6%A1%83%E5%9C%92%E5%8D%80%E4%B8%AD%E6%AD%A3%E8%B7%AF20%E8%99%9F3F%EF%BC%88%E9%81%A0%E6%9D%B1%E7%99%BE%E8%B2%A8%E6%A1%83%E5%9C%92%E5%BA%97%EF%BC%89,2026-09-11
無印良品,無印良品 桃園台茂門市,桃園市蘆竹區南崁路一段112號B2（台茂購物中心）,25.053001,121.287749,已核對（門市名稱、地址與地圖落點）,官方門市地址＋Google Maps 門市搜尋,0.0,False,https://www.google.com/maps/search/?api=1&query=%E7%84%A1%E5%8D%B0%E8%89%AF%E5%93%81%20%E6%A1%83%E5%9C%92%E5%8F%B0%E8%8C%82%E9%96%80%E5%B8%82%20%E6%A1%83%E5%9C%92%E5%B8%82%E8%98%86%E7%AB%B9%E5%8D%80%E5%8D%97%E5%B4%81%E8%B7%AF%E4%B8%80%E6%AE%B5112%E8%99%9FB2%EF%BC%88%E5%8F%B0%E8%8C%82%E8%B3%BC%E7%89%A9%E4%B8%AD%E5%BF%83%EF%BC%89,2026-09-11
無印良品,無印良品 中壢SOGO門市,桃園市中壢區元化路357號3F（遠東SOGO中壢店）,24.962685,121.223533,已核對（門市名稱、地址與地圖落點）,官方門市地址＋Google Maps 門市搜尋,0.0,False,https://www.google.com/maps/search/?api=1&query=%E7%84%A1%E5%8D%B0%E8%89%AF%E5%93%81%20%E4%B8%AD%E5%A3%A2SOGO%E9%96%80%E5%B8%82%20%E6%A1%83%E5%9C%92%E5%B8%82%E4%B8%AD%E5%A3%A2%E5%8D%80%E5%85%83%E5%8C%96%E8%B7%AF357%E8%99%9F3F%EF%BC%88%E9%81%A0%E6%9D%B1SOGO%E4%B8%AD%E5%A3%A2%E5%BA%97%EF%BC%89,2026-09-11
無印良品,無印良品 中壢大江門市,桃園市中壢區中園路二段501號B1（大江國際購物中心）,25.000698,121.229504,已核對（門市名稱、地址與地圖落點）,官方門市地址＋Google Maps 門市搜尋,0.0,False,https://www.google.com/maps/search/?api=1&query=%E7%84%A1%E5%8D%B0%E8%89%AF%E5%93%81%20%E4%B8%AD%E5%A3%A2%E5%A4%A7%E6%B1%9F%E9%96%80%E5%B8%82%20%E6%A1%83%E5%9C%92%E5%B8%82%E4%B8%AD%E5%A3%A2%E5%8D%80%E4%B8%AD%E5%9C%92%E8%B7%AF%E4%BA%8C%E6%AE%B5501%E8%99%9FB1%EF%BC%88%E5%A4%A7%E6%B1%9F%E5%9C%8B%E9%9A%9B%E8%B3%BC%E7%89%A9%E4%B8%AD%E5%BF%83%EF%BC%89,2026-09-11
無印良品,無印良品 環球A19門市,桃園市中壢區高鐵南路二段352號3F（Global Mall 桃園A19）,25.002067,121.203433,已核對（門市名稱、地址與地圖落點）,官方門市地址＋Google Maps 門市搜尋,0.0,False,https://www.google.com/maps/search/?api=1&query=%E7%84%A1%E5%8D%B0%E8%89%AF%E5%93%81%20%E7%92%B0%E7%90%83A19%E9%96%80%E5%B8%82%20%E6%A1%83%E5%9C%92%E5%B8%82%E4%B8%AD%E5%A3%A2%E5%8D%80%E9%AB%98%E9%90%B5%E5%8D%97%E8%B7%AF%E4%BA%8C%E6%AE%B5352%E8%99%9F3F%EF%BC%88Global%20Mall%20%E6%A1%83%E5%9C%92A19%EF%BC%89,2026-09-11
無印良品,無印良品 環球A8門市,桃園市龜山區復興一路8號2F（Global Mall 林口A8）,25.060215,121.369497,已核對（門市名稱、地址與地圖落點）,官方門市地址＋Google Maps 門市搜尋,0.0,False,https://www.google.com/maps/search/?api=1&query=%E7%84%A1%E5%8D%B0%E8%89%AF%E5%93%81%20%E7%92%B0%E7%90%83A8%E9%96%80%E5%B8%82%20%E6%A1%83%E5%9C%92%E5%B8%82%E9%BE%9C%E5%B1%B1%E5%8D%80%E5%BE%A9%E8%88%88%E4%B8%80%E8%B7%AF8%E8%99%9F2F%EF%BC%88Global%20Mall%20%E6%9E%97%E5%8F%A3A8%EF%BC%89,2026-09-11
無印良品,無印良品 愛買桃園門市,桃園市桃園區中山路939號1F（愛買桃園量販店）,24.986492,121.284795,已核對（門市名稱、地址與地圖落點）,官方門市地址＋Google Maps 門市搜尋,0.0,False,https://www.google.com/maps/search/?api=1&query=%E7%84%A1%E5%8D%B0%E8%89%AF%E5%93%81%20%E6%84%9B%E8%B2%B7%E6%A1%83%E5%9C%92%E9%96%80%E5%B8%82%20%E6%A1%83%E5%9C%92%E5%B8%82%E6%A1%83%E5%9C%92%E5%8D%80%E4%B8%AD%E5%B1%B1%E8%B7%AF939%E8%99%9F1F%EF%BC%88%E6%84%9B%E8%B2%B7%E6%A1%83%E5%9C%92%E9%87%8F%E8%B2%A9%E5%BA%97%EF%BC%89,2026-09-11
無印良品,無印良品 新竹大遠百門市,新竹市東區西大路323號8F（新竹大遠百）,24.802186,120.965211,已核對（門市名稱、地址與地圖落點）,官方門市地址＋Google Maps 門市搜尋,0.0,False,https://www.google.com/maps/search/?api=1&query=%E7%84%A1%E5%8D%B0%E8%89%AF%E5%93%81%20%E6%96%B0%E7%AB%B9%E5%A4%A7%E9%81%A0%E7%99%BE%E9%96%80%E5%B8%82%20%E6%96%B0%E7%AB%B9%E5%B8%82%E6%9D%B1%E5%8D%80%E8%A5%BF%E5%A4%A7%E8%B7%AF323%E8%99%9F8F%EF%BC%88%E6%96%B0%E7%AB%B9%E5%A4%A7%E9%81%A0%E7%99%BE%EF%BC%89,2026-09-11
無印良品,無印良品 新竹巨城門市,新竹市東區中央路229號B1（Big City 遠東巨城購物中心）,24.809384,120.975509,已核對（門市名稱、地址與地圖落點）,官方門市地址＋Google Maps 門市搜尋,0.0,False,https://www.google.com/maps/search/?api=1&query=%E7%84%A1%E5%8D%B0%E8%89%AF%E5%93%81%20%E6%96%B0%E7%AB%B9%E5%B7%A8%E5%9F%8E%E9%96%80%E5%B8%82%20%E6%96%B0%E7%AB%B9%E5%B8%82%E6%9D%B1%E5%8D%80%E4%B8%AD%E5%A4%AE%E8%B7%AF229%E8%99%9FB1%EF%BC%88Big%20City%20%E9%81%A0%E6%9D%B1%E5%B7%A8%E5%9F%8E%E8%B3%BC%E7%89%A9%E4%B8%AD%E5%BF%83%EF%BC%89,2026-09-11
無印良品,無印良品 新竹大魯閣門市,新竹市北區大雅路88號B1（大魯閣湳雅廣場）,24.816323,120.970226,已核對（門市名稱、地址與地圖落點）,官方門市地址＋Google Maps 門市搜尋,0.0,False,https://www.google.com/maps/search/?api=1&query=%E7%84%A1%E5%8D%B0%E8%89%AF%E5%93%81%20%E6%96%B0%E7%AB%B9%E5%A4%A7%E9%AD%AF%E9%96%A3%E9%96%80%E5%B8%82%20%E6%96%B0%E7%AB%B9%E5%B8%82%E5%8C%97%E5%8D%80%E5%A4%A7%E9%9B%85%E8%B7%AF88%E8%99%9FB1%EF%BC%88%E5%A4%A7%E9%AD%AF%E9%96%A3%E6%B9%B3%E9%9B%85%E5%BB%A3%E5%A0%B4%EF%BC%89,2026-09-11
無印良品,無印良品 遠東百貨竹北門市,新竹縣竹北市莊敬北路18號5F（遠東百貨竹北店）,24.823652,121.02366,已核對（門市名稱、地址與地圖落點）,官方門市地址＋Google Maps 門市搜尋,0.0,False,https://www.google.com/maps/search/?api=1&query=%E7%84%A1%E5%8D%B0%E8%89%AF%E5%93%81%20%E9%81%A0%E6%9D%B1%E7%99%BE%E8%B2%A8%E7%AB%B9%E5%8C%97%E9%96%80%E5%B8%82%20%E6%96%B0%E7%AB%B9%E7%B8%A3%E7%AB%B9%E5%8C%97%E5%B8%82%E8%8E%8A%E6%95%AC%E5%8C%97%E8%B7%AF18%E8%99%9F5F%EF%BC%88%E9%81%A0%E6%9D%B1%E7%99%BE%E8%B2%A8%E7%AB%B9%E5%8C%97%E5%BA%97%EF%BC%89,2026-09-11
無印良品,無印良品 竹北享平方門市,新竹縣竹北市自強南路36號1F（享平方 Shown Square）,24.818461,121.026914,已核對（門市名稱、地址與地圖落點）,官方門市地址＋Google Maps 門市搜尋,0.0,False,https://www.google.com/maps/search/?api=1&query=%E7%84%A1%E5%8D%B0%E8%89%AF%E5%93%81%20%E7%AB%B9%E5%8C%97%E4%BA%AB%E5%B9%B3%E6%96%B9%E9%96%80%E5%B8%82%20%E6%96%B0%E7%AB%B9%E7%B8%A3%E7%AB%B9%E5%8C%97%E5%B8%82%E8%87%AA%E5%BC%B7%E5%8D%97%E8%B7%AF36%E8%99%9F1F%EF%BC%88%E4%BA%AB%E5%B9%B3%E6%96%B9%20Shown%20Square%EF%BC%89,2026-09-11
無印良品,無印良品 頭份尚順門市,苗栗縣頭份市育樂街8號3F（尚順購物中心）,24.689153,120.903539,已核對（門市名稱、地址與地圖落點）,官方門市地址＋Google Maps 門市搜尋,0.0,False,https://www.google.com/maps/search/?api=1&query=%E7%84%A1%E5%8D%B0%E8%89%AF%E5%93%81%20%E9%A0%AD%E4%BB%BD%E5%B0%9A%E9%A0%86%E9%96%80%E5%B8%82%20%E8%8B%97%E6%A0%97%E7%B8%A3%E9%A0%AD%E4%BB%BD%E5%B8%82%E8%82%B2%E6%A8%82%E8%A1%978%E8%99%9F3F%EF%BC%88%E5%B0%9A%E9%A0%86%E8%B3%BC%E7%89%A9%E4%B8%AD%E5%BF%83%EF%BC%89,2026-09-11
無印良品,無印良品 新光三越台中中港門市,台中市西屯區台灣大道三段301號11F（新光三越台中中港店）,24.165006,120.643398,已核對（門市名稱、地址與地圖落點）,官方門市地址＋Google Maps 門市搜尋,0.0,False,https://www.google.com/maps/search/?api=1&query=%E7%84%A1%E5%8D%B0%E8%89%AF%E5%93%81%20%E6%96%B0%E5%85%89%E4%B8%89%E8%B6%8A%E5%8F%B0%E4%B8%AD%E4%B8%AD%E6%B8%AF%E9%96%80%E5%B8%82%20%E5%8F%B0%E4%B8%AD%E5%B8%82%E8%A5%BF%E5%B1%AF%E5%8D%80%E5%8F%B0%E7%81%A3%E5%A4%A7%E9%81%93%E4%B8%89%E6%AE%B5301%E8%99%9F11F%EF%BC%88%E6%96%B0%E5%85%89%E4%B8%89%E8%B6%8A%E5%8F%B0%E4%B8%AD%E4%B8%AD%E6%B8%AF%E5%BA%97%EF%BC%89,2026-09-11
無印良品,無印良品 台中大遠百門市,台中市西屯區台灣大道三段251號10F（Top City 台中大遠百）,24.164672,120.644569,已核對（門市名稱、地址與地圖落點）,官方門市地址＋Google Maps 門市搜尋,0.0,False,https://www.google.com/maps/search/?api=1&query=%E7%84%A1%E5%8D%B0%E8%89%AF%E5%93%81%20%E5%8F%B0%E4%B8%AD%E5%A4%A7%E9%81%A0%E7%99%BE%E9%96%80%E5%B8%82%20%E5%8F%B0%E4%B8%AD%E5%B8%82%E8%A5%BF%E5%B1%AF%E5%8D%80%E5%8F%B0%E7%81%A3%E5%A4%A7%E9%81%93%E4%B8%89%E6%AE%B5251%E8%99%9F10F%EF%BC%88Top%20City%20%E5%8F%B0%E4%B8%AD%E5%A4%A7%E9%81%A0%E7%99%BE%EF%BC%89,2026-09-11
無印良品,無印良品 廣三SOGO門市,台中市西區台灣大道二段459號2F（廣三SOGO百貨）,24.155267,120.661778,已核對（門市名稱、地址與地圖落點）,官方門市地址＋Google Maps 門市搜尋,0.0,False,https://www.google.com/maps/search/?api=1&query=%E7%84%A1%E5%8D%B0%E8%89%AF%E5%93%81%20%E5%BB%A3%E4%B8%89SOGO%E9%96%80%E5%B8%82%20%E5%8F%B0%E4%B8%AD%E5%B8%82%E8%A5%BF%E5%8D%80%E5%8F%B0%E7%81%A3%E5%A4%A7%E9%81%93%E4%BA%8C%E6%AE%B5459%E8%99%9F2F%EF%BC%88%E5%BB%A3%E4%B8%89SOGO%E7%99%BE%E8%B2%A8%EF%BC%89,2026-09-11
無印良品,無印良品 中友百貨門市,台中市北區三民路三段161號A棟7F（中友百貨）,24.152562,120.685149,已核對（門市名稱、地址與地圖落點）,官方門市地址＋Google Maps 門市搜尋,0.0,False,https://www.google.com/maps/search/?api=1&query=%E7%84%A1%E5%8D%B0%E8%89%AF%E5%93%81%20%E4%B8%AD%E5%8F%8B%E7%99%BE%E8%B2%A8%E9%96%80%E5%B8%82%20%E5%8F%B0%E4%B8%AD%E5%B8%82%E5%8C%97%E5%8D%80%E4%B8%89%E6%B0%91%E8%B7%AF%E4%B8%89%E6%AE%B5161%E8%99%9FA%E6%A3%9F7F%EF%BC%88%E4%B8%AD%E5%8F%8B%E7%99%BE%E8%B2%A8%EF%BC%89,2026-09-11
無印良品,無印良品 金典概念店,台中市西區健行路1049號2F（金典綠園道商場）,24.155768,120.663199,已核對（門市名稱、地址與地圖落點）,官方門市地址＋Google Maps 門市搜尋,0.0,False,https://www.google.com/maps/search/?api=1&query=%E7%84%A1%E5%8D%B0%E8%89%AF%E5%93%81%20%E9%87%91%E5%85%B8%E6%A6%82%E5%BF%B5%E5%BA%97%20%E5%8F%B0%E4%B8%AD%E5%B8%82%E8%A5%BF%E5%8D%80%E5%81%A5%E8%A1%8C%E8%B7%AF1049%E8%99%9F2F%EF%BC%88%E9%87%91%E5%85%B8%E7%B6%A0%E5%9C%92%E9%81%93%E5%95%86%E5%A0%B4%EF%BC%89,2026-09-11
無印良品,無印良品 台中LaLaport門市,台中市東區進德路700號1F（三井LaLaport台中南館）,24.140496,120.692468,已核對（門市名稱、地址與地圖落點）,官方門市地址＋Google Maps 門市搜尋,0.0,False,https://www.google.com/maps/search/?api=1&query=%E7%84%A1%E5%8D%B0%E8%89%AF%E5%93%81%20%E5%8F%B0%E4%B8%ADLaLaport%E9%96%80%E5%B8%82%20%E5%8F%B0%E4%B8%AD%E5%B8%82%E6%9D%B1%E5%8D%80%E9%80%B2%E5%BE%B7%E8%B7%AF700%E8%99%9F1F%EF%BC%88%E4%B8%89%E4%BA%95LaLaport%E5%8F%B0%E4%B8%AD%E5%8D%97%E9%A4%A8%EF%BC%89,2026-09-11
無印良品,無印良品 文心秀泰門市,台中市南屯區文心南路289號B1（秀泰生活台中文心店）,24.129285,120.646017,已核對（門市名稱、地址與地圖落點）,官方門市地址＋Google Maps 門市搜尋,0.0,False,https://www.google.com/maps/search/?api=1&query=%E7%84%A1%E5%8D%B0%E8%89%AF%E5%93%81%20%E6%96%87%E5%BF%83%E7%A7%80%E6%B3%B0%E9%96%80%E5%B8%82%20%E5%8F%B0%E4%B8%AD%E5%B8%82%E5%8D%97%E5%B1%AF%E5%8D%80%E6%96%87%E5%BF%83%E5%8D%97%E8%B7%AF289%E8%99%9FB1%EF%BC%88%E7%A7%80%E6%B3%B0%E7%94%9F%E6%B4%BB%E5%8F%B0%E4%B8%AD%E6%96%87%E5%BF%83%E5%BA%97%EF%BC%89,2026-09-11
無印良品,無印良品 站前秀泰門市,台中市東區南京路66號2F（秀泰生活台中站前店S2館）,24.14025,120.691799,已核對（門市名稱、地址與地圖落點）,官方門市地址＋Google Maps 門市搜尋,0.0,False,https://www.google.com/maps/search/?api=1&query=%E7%84%A1%E5%8D%B0%E8%89%AF%E5%93%81%20%E7%AB%99%E5%89%8D%E7%A7%80%E6%B3%B0%E9%96%80%E5%B8%82%20%E5%8F%B0%E4%B8%AD%E5%B8%82%E6%9D%B1%E5%8D%80%E5%8D%97%E4%BA%AC%E8%B7%AF66%E8%99%9F2F%EF%BC%88%E7%A7%80%E6%B3%B0%E7%94%9F%E6%B4%BB%E5%8F%B0%E4%B8%AD%E7%AB%99%E5%89%8D%E5%BA%97S2%E9%A4%A8%EF%BC%89,2026-09-11
無印良品,無印良品 台中港三井Outlet門市,台中市梧棲區臺灣大道十段168號1F（MITSUI OUTLET PARK 台中港）,24.25755,120.51765,已核對（門市名稱、地址與地圖落點）,官方門市地址＋Google Maps 門市搜尋,0.0,False,https://www.google.com/maps/search/?api=1&query=%E7%84%A1%E5%8D%B0%E8%89%AF%E5%93%81%20%E5%8F%B0%E4%B8%AD%E6%B8%AF%E4%B8%89%E4%BA%95Outlet%E9%96%80%E5%B8%82%20%E5%8F%B0%E4%B8%AD%E5%B8%82%E6%A2%A7%E6%A3%B2%E5%8D%80%E8%87%BA%E7%81%A3%E5%A4%A7%E9%81%93%E5%8D%81%E6%AE%B5168%E8%99%9F1F%EF%BC%88MITSUI%20OUTLET%20PARK%20%E5%8F%B0%E4%B8%AD%E6%B8%AF%EF%BC%89,2026-09-11
無印良品,無印良品 豐原太平洋門市,台中市豐原區復興路2號5F（太平洋百貨豐原店）,24.250768,120.720587,已核對（門市名稱、地址與地圖落點）,官方門市地址＋Google Maps 門市搜尋,0.0,False,https://www.google.com/maps/search/?api=1&query=%E7%84%A1%E5%8D%B0%E8%89%AF%E5%93%81%20%E8%B1%90%E5%8E%9F%E5%A4%AA%E5%B9%B3%E6%B4%8B%E9%96%80%E5%B8%82%20%E5%8F%B0%E4%B8%AD%E5%B8%82%E8%B1%90%E5%8E%9F%E5%8D%80%E5%BE%A9%E8%88%88%E8%B7%AF2%E8%99%9F5F%EF%BC%88%E5%A4%AA%E5%B9%B3%E6%B4%8B%E7%99%BE%E8%B2%A8%E8%B1%90%E5%8E%9F%E5%BA%97%EF%BC%89,2026-09-11
無印良品,無印良品 員林大潤發門市,彰化縣埔心鄉中山路319號2F（大潤發員林店）,23.942292,120.560978,已核對（門市名稱、地址與地圖落點）,官方門市地址＋Google Maps 門市搜尋,0.0,False,https://www.google.com/maps/search/?api=1&query=%E7%84%A1%E5%8D%B0%E8%89%AF%E5%93%81%20%E5%93%A1%E6%9E%97%E5%A4%A7%E6%BD%A4%E7%99%BC%E9%96%80%E5%B8%82%20%E5%BD%B0%E5%8C%96%E7%B8%A3%E5%9F%94%E5%BF%83%E9%84%89%E4%B8%AD%E5%B1%B1%E8%B7%AF319%E8%99%9F2F%EF%BC%88%E5%A4%A7%E6%BD%A4%E7%99%BC%E5%93%A1%E6%9E%97%E5%BA%97%EF%BC%89,2026-09-11
無印良品,無印良品 雲林斗六門市,雲林縣斗六市社口街261號1-2F,23.700255,120.544231,已核對（門市名稱、地址與地圖落點）,官方門市地址＋Google Maps 門市搜尋,0.0,False,https://www.google.com/maps/search/?api=1&query=%E7%84%A1%E5%8D%B0%E8%89%AF%E5%93%81%20%E9%9B%B2%E6%9E%97%E6%96%97%E5%85%AD%E9%96%80%E5%B8%82%20%E9%9B%B2%E6%9E%97%E7%B8%A3%E6%96%97%E5%85%AD%E5%B8%82%E7%A4%BE%E5%8F%A3%E8%A1%97261%E8%99%9F1-2F,2026-09-11
無印良品,無印良品 嘉義耐斯門市,嘉義市東區忠孝路600號4F（耐斯廣場購物中心）,23.496523,120.452527,已核對（門市名稱、地址與地圖落點）,官方門市地址＋Google Maps 門市搜尋,0.0,False,https://www.google.com/maps/search/?api=1&query=%E7%84%A1%E5%8D%B0%E8%89%AF%E5%93%81%20%E5%98%89%E7%BE%A9%E8%80%90%E6%96%AF%E9%96%80%E5%B8%82%20%E5%98%89%E7%BE%A9%E5%B8%82%E6%9D%B1%E5%8D%80%E5%BF%A0%E5%AD%9D%E8%B7%AF600%E8%99%9F4F%EF%BC%88%E8%80%90%E6%96%AF%E5%BB%A3%E5%A0%B4%E8%B3%BC%E7%89%A9%E4%B8%AD%E5%BF%83%EF%BC%89,2026-09-11
無印良品,無印良品 嘉義垂楊新光門市,嘉義市西區垂楊路726號6F（新光三越嘉義垂楊店）,23.47327,120.441174,已核對（門市名稱、地址與地圖落點）,官方門市地址＋Google Maps 門市搜尋,0.0,False,https://www.google.com/maps/search/?api=1&query=%E7%84%A1%E5%8D%B0%E8%89%AF%E5%93%81%20%E5%98%89%E7%BE%A9%E5%9E%82%E6%A5%8A%E6%96%B0%E5%85%89%E9%96%80%E5%B8%82%20%E5%98%89%E7%BE%A9%E5%B8%82%E8%A5%BF%E5%8D%80%E5%9E%82%E6%A5%8A%E8%B7%AF726%E8%99%9F6F%EF%BC%88%E6%96%B0%E5%85%89%E4%B8%89%E8%B6%8A%E5%98%89%E7%BE%A9%E5%9E%82%E6%A5%8A%E5%BA%97%EF%BC%89,2026-09-11
無印良品,無印良品 新光三越台南新天地門市,台南市中西區西門路一段658號5F（新光三越台南新天地本館）,22.986731,120.198867,已核對（門市名稱、地址與地圖落點）,官方門市地址＋Google Maps 門市搜尋,0.0,False,https://www.google.com/maps/search/?api=1&query=%E7%84%A1%E5%8D%B0%E8%89%AF%E5%93%81%20%E6%96%B0%E5%85%89%E4%B8%89%E8%B6%8A%E5%8F%B0%E5%8D%97%E6%96%B0%E5%A4%A9%E5%9C%B0%E9%96%80%E5%B8%82%20%E5%8F%B0%E5%8D%97%E5%B8%82%E4%B8%AD%E8%A5%BF%E5%8D%80%E8%A5%BF%E9%96%80%E8%B7%AF%E4%B8%80%E6%AE%B5658%E8%99%9F5F%EF%BC%88%E6%96%B0%E5%85%89%E4%B8%89%E8%B6%8A%E5%8F%B0%E5%8D%97%E6%96%B0%E5%A4%A9%E5%9C%B0%E6%9C%AC%E9%A4%A8%EF%BC%89,2026-09-11
無印良品,無印良品 新光三越台南中山門市,台南市中西區中山路162號5F（新光三越台南中山店）,22.995455,120.209894,已核對（門市名稱、地址與地圖落點）,官方門市地址＋Google Maps 門市搜尋,0.0,False,https://www.google.com/maps/search/?api=1&query=%E7%84%A1%E5%8D%B0%E8%89%AF%E5%93%81%20%E6%96%B0%E5%85%89%E4%B8%89%E8%B6%8A%E5%8F%B0%E5%8D%97%E4%B8%AD%E5%B1%B1%E9%96%80%E5%B8%82%20%E5%8F%B0%E5%8D%97%E5%B8%82%E4%B8%AD%E8%A5%BF%E5%8D%80%E4%B8%AD%E5%B1%B1%E8%B7%AF162%E8%99%9F5F%EF%BC%88%E6%96%B0%E5%85%89%E4%B8%89%E8%B6%8A%E5%8F%B0%E5%8D%97%E4%B8%AD%E5%B1%B1%E5%BA%97%EF%BC%89,2026-09-11
無印良品,無印良品 台南南紡門市,台南市東區中華東路一段366號A1館2F（南紡購物中心）,22.990763,120.233672,已核對（門市名稱、地址與地圖落點）,官方門市地址＋Google Maps 門市搜尋,0.0,False,https://www.google.com/maps/search/?api=1&query=%E7%84%A1%E5%8D%B0%E8%89%AF%E5%93%81%20%E5%8F%B0%E5%8D%97%E5%8D%97%E7%B4%A1%E9%96%80%E5%B8%82%20%E5%8F%B0%E5%8D%97%E5%B8%82%E6%9D%B1%E5%8D%80%E4%B8%AD%E8%8F%AF%E6%9D%B1%E8%B7%AF%E4%B8%80%E6%AE%B5366%E8%99%9FA1%E9%A4%A82F%EF%BC%88%E5%8D%97%E7%B4%A1%E8%B3%BC%E7%89%A9%E4%B8%AD%E5%BF%83%EF%BC%89,2026-09-11
無印良品,無印良品 台南三井Outlet門市,台南市歸仁區歸仁大道101號1F（MITSUI OUTLET PARK 台南）,22.925389,120.28725,已核對（門市名稱、地址與地圖落點）,官方門市地址＋Google Maps 門市搜尋,0.0,False,https://www.google.com/maps/search/?api=1&query=%E7%84%A1%E5%8D%B0%E8%89%AF%E5%93%81%20%E5%8F%B0%E5%8D%97%E4%B8%89%E4%BA%95Outlet%E9%96%80%E5%B8%82%20%E5%8F%B0%E5%8D%97%E5%B8%82%E6%AD%B8%E4%BB%81%E5%8D%80%E6%AD%B8%E4%BB%81%E5%A4%A7%E9%81%93101%E8%99%9F1F%EF%BC%88MITSUI%20OUTLET%20PARK%20%E5%8F%B0%E5%8D%97%EF%BC%89,2026-09-11
無印良品,無印良品 台南大遠百門市,台南市東區前鋒路210號4F（遠百台南成功店）,22.996419,120.21376,已核對（門市名稱、地址與地圖落點）,官方門市地址＋Google Maps 門市搜尋,0.0,False,https://www.google.com/maps/search/?api=1&query=%E7%84%A1%E5%8D%B0%E8%89%AF%E5%93%81%20%E5%8F%B0%E5%8D%97%E5%A4%A7%E9%81%A0%E7%99%BE%E9%96%80%E5%B8%82%20%E5%8F%B0%E5%8D%97%E5%B8%82%E6%9D%B1%E5%8D%80%E5%89%8D%E9%8B%92%E8%B7%AF210%E8%99%9F4F%EF%BC%88%E9%81%A0%E7%99%BE%E5%8F%B0%E5%8D%97%E6%88%90%E5%8A%9F%E5%BA%97%EF%BC%89,2026-09-11
無印良品,無印良品 高雄大立旗艦店,高雄市前金區五福三路59號1-2F（大立百貨B館）,22.621615,120.297618,已核對（門市名稱、地址與地圖落點）,官方門市地址＋Google Maps 門市搜尋,0.0,False,https://www.google.com/maps/search/?api=1&query=%E7%84%A1%E5%8D%B0%E8%89%AF%E5%93%81%20%E9%AB%98%E9%9B%84%E5%A4%A7%E7%AB%8B%E6%97%97%E8%89%A6%E5%BA%97%20%E9%AB%98%E9%9B%84%E5%B8%82%E5%89%8D%E9%87%91%E5%8D%80%E4%BA%94%E7%A6%8F%E4%B8%89%E8%B7%AF59%E8%99%9F1-2F%EF%BC%88%E5%A4%A7%E7%AB%8B%E7%99%BE%E8%B2%A8B%E9%A4%A8%EF%BC%89,2026-09-11
無印良品,無印良品 高雄岡山門市,高雄市岡山區捷安路1巷1號（獨立街邊店）,22.780184,120.29964,已核對（門市名稱、地址與地圖落點）,官方門市地址＋Google Maps 門市搜尋,0.0,False,https://www.google.com/maps/search/?api=1&query=%E7%84%A1%E5%8D%B0%E8%89%AF%E5%93%81%20%E9%AB%98%E9%9B%84%E5%B2%A1%E5%B1%B1%E9%96%80%E5%B8%82%20%E9%AB%98%E9%9B%84%E5%B8%82%E5%B2%A1%E5%B1%B1%E5%8D%80%E6%8D%B7%E5%AE%89%E8%B7%AF1%E5%B7%B71%E8%99%9F%EF%BC%88%E7%8D%A8%E7%AB%8B%E8%A1%97%E9%82%8A%E5%BA%97%EF%BC%89,2026-09-11
無印良品,無印良品 漢神巨蛋門市,高雄市左營區博愛二路777號3F（漢神巨蛋購物廣場）,22.669549,120.303159,已核對（門市名稱、地址與地圖落點）,官方門市地址＋Google Maps 門市搜尋,0.0,False,https://www.google.com/maps/search/?api=1&query=%E7%84%A1%E5%8D%B0%E8%89%AF%E5%93%81%20%E6%BC%A2%E7%A5%9E%E5%B7%A8%E8%9B%8B%E9%96%80%E5%B8%82%20%E9%AB%98%E9%9B%84%E5%B8%82%E5%B7%A6%E7%87%9F%E5%8D%80%E5%8D%9A%E6%84%9B%E4%BA%8C%E8%B7%AF777%E8%99%9F3F%EF%BC%88%E6%BC%A2%E7%A5%9E%E5%B7%A8%E8%9B%8B%E8%B3%BC%E7%89%A9%E5%BB%A3%E5%A0%B4%EF%BC%89,2026-09-11
無印良品,無印良品 漢神本館門市,高雄市前金區成功一路266-1號B2（漢神百貨）,22.619148,120.296095,已核對（門市名稱、地址與地圖落點）,官方門市地址＋Google Maps 門市搜尋,0.0,False,https://www.google.com/maps/search/?api=1&query=%E7%84%A1%E5%8D%B0%E8%89%AF%E5%93%81%20%E6%BC%A2%E7%A5%9E%E6%9C%AC%E9%A4%A8%E9%96%80%E5%B8%82%20%E9%AB%98%E9%9B%84%E5%B8%82%E5%89%8D%E9%87%91%E5%8D%80%E6%88%90%E5%8A%9F%E4%B8%80%E8%B7%AF266-1%E8%99%9FB2%EF%BC%88%E6%BC%A2%E7%A5%9E%E7%99%BE%E8%B2%A8%EF%BC%89,2026-09-11
無印良品,無印良品 高雄夢時代門市,高雄市前鎮區中華五路789號B1F（統一夢時代購物中心）,22.595343,120.30878,已核對（門市名稱、地址與地圖落點）,官方門市地址＋Google Maps 門市搜尋,0.0,False,https://www.google.com/maps/search/?api=1&query=%E7%84%A1%E5%8D%B0%E8%89%AF%E5%93%81%20%E9%AB%98%E9%9B%84%E5%A4%A2%E6%99%82%E4%BB%A3%E9%96%80%E5%B8%82%20%E9%AB%98%E9%9B%84%E5%B8%82%E5%89%8D%E9%8E%AE%E5%8D%80%E4%B8%AD%E8%8F%AF%E4%BA%94%E8%B7%AF789%E8%99%9FB1F%EF%BC%88%E7%B5%B1%E4%B8%80%E5%A4%A2%E6%99%82%E4%BB%A3%E8%B3%BC%E7%89%A9%E4%B8%AD%E5%BF%83%EF%BC%89,2026-09-11
無印良品,無印良品 新光三越高雄左營門市,高雄市左營區高鐵路123號本館3F（新光三越左營店）,22.688943,120.310525,已核對（門市名稱、地址與地圖落點）,官方門市地址＋Google Maps 門市搜尋,0.0,False,https://www.google.com/maps/search/?api=1&query=%E7%84%A1%E5%8D%B0%E8%89%AF%E5%93%81%20%E6%96%B0%E5%85%89%E4%B8%89%E8%B6%8A%E9%AB%98%E9%9B%84%E5%B7%A6%E7%87%9F%E9%96%80%E5%B8%82%20%E9%AB%98%E9%9B%84%E5%B8%82%E5%B7%A6%E7%87%9F%E5%8D%80%E9%AB%98%E9%90%B5%E8%B7%AF123%E8%99%9F%E6%9C%AC%E9%A4%A83F%EF%BC%88%E6%96%B0%E5%85%89%E4%B8%89%E8%B6%8A%E5%B7%A6%E7%87%9F%E5%BA%97%EF%BC%89,2026-09-11
無印良品,無印良品 三多門市,高雄市苓雅區三多四路21號B1（高雄大遠百）,22.613424,120.303549,已核對（門市名稱、地址與地圖落點）,官方門市地址＋Google Maps 門市搜尋,0.0,False,https://www.google.com/maps/search/?api=1&query=%E7%84%A1%E5%8D%B0%E8%89%AF%E5%93%81%20%E4%B8%89%E5%A4%9A%E9%96%80%E5%B8%82%20%E9%AB%98%E9%9B%84%E5%B8%82%E8%8B%93%E9%9B%85%E5%8D%80%E4%B8%89%E5%A4%9A%E5%9B%9B%E8%B7%AF21%E8%99%9FB1%EF%BC%88%E9%AB%98%E9%9B%84%E5%A4%A7%E9%81%A0%E7%99%BE%EF%BC%89,2026-09-11
無印良品,無印良品 SKM Park高雄草衙門市,高雄市前鎮區中安路1-1號1F（SKM Park Outlets 高雄草衙）,22.581273,120.329602,已核對（門市名稱、地址與地圖落點）,官方門市地址＋Google Maps 門市搜尋,0.0,False,https://www.google.com/maps/search/?api=1&query=%E7%84%A1%E5%8D%B0%E8%89%AF%E5%93%81%20SKM%20Park%E9%AB%98%E9%9B%84%E8%8D%89%E8%A1%99%E9%96%80%E5%B8%82%20%E9%AB%98%E9%9B%84%E5%B8%82%E5%89%8D%E9%8E%AE%E5%8D%80%E4%B8%AD%E5%AE%89%E8%B7%AF1-1%E8%99%9F1F%EF%BC%88SKM%20Park%20Outlets%20%E9%AB%98%E9%9B%84%E8%8D%89%E8%A1%99%EF%BC%89,2026-09-11
無印良品,無印良品 高雄義享門市,高雄市鼓山區大順一路115號4F（義享天地A館）,22.656783,120.306673,已核對（門市名稱、地址與地圖落點）,官方門市地址＋Google Maps 門市搜尋,0.0,False,https://www.google.com/maps/search/?api=1&query=%E7%84%A1%E5%8D%B0%E8%89%AF%E5%93%81%20%E9%AB%98%E9%9B%84%E7%BE%A9%E4%BA%AB%E9%96%80%E5%B8%82%20%E9%AB%98%E9%9B%84%E5%B8%82%E9%BC%93%E5%B1%B1%E5%8D%80%E5%A4%A7%E9%A0%86%E4%B8%80%E8%B7%AF115%E8%99%9F4F%EF%BC%88%E7%BE%A9%E4%BA%AB%E5%A4%A9%E5%9C%B0A%E9%A4%A8%EF%BC%89,2026-09-11
無印良品,無印良品 屏東太平洋門市,屏東縣屏東市中正路72號4F（太平洋百貨屏東店）,22.674338,120.490013,已核對（門市名稱、地址與地圖落點）,官方門市地址＋Google Maps 門市搜尋,0.0,False,https://www.google.com/maps/search/?api=1&query=%E7%84%A1%E5%8D%B0%E8%89%AF%E5%93%81%20%E5%B1%8F%E6%9D%B1%E5%A4%AA%E5%B9%B3%E6%B4%8B%E9%96%80%E5%B8%82%20%E5%B1%8F%E6%9D%B1%E7%B8%A3%E5%B1%8F%E6%9D%B1%E5%B8%82%E4%B8%AD%E6%AD%A3%E8%B7%AF72%E8%99%9F4F%EF%BC%88%E5%A4%AA%E5%B9%B3%E6%B4%8B%E7%99%BE%E8%B2%A8%E5%B1%8F%E6%9D%B1%E5%BA%97%EF%BC%89,2026-09-11
無印良品,無印良品 屏東潮州驛站門市,屏東縣潮州鎮信義路111號1F（潮州火車站商場）,22.550046,120.536452,已核對（門市名稱、地址與地圖落點）,官方門市地址＋Google Maps 門市搜尋,0.0,False,https://www.google.com/maps/search/?api=1&query=%E7%84%A1%E5%8D%B0%E8%89%AF%E5%93%81%20%E5%B1%8F%E6%9D%B1%E6%BD%AE%E5%B7%9E%E9%A9%9B%E7%AB%99%E9%96%80%E5%B8%82%20%E5%B1%8F%E6%9D%B1%E7%B8%A3%E6%BD%AE%E5%B7%9E%E9%8E%AE%E4%BF%A1%E7%BE%A9%E8%B7%AF111%E8%99%9F1F%EF%BC%88%E6%BD%AE%E5%B7%9E%E7%81%AB%E8%BB%8A%E7%AB%99%E5%95%86%E5%A0%B4%EF%BC%89,2026-09-11
無印良品,無印良品 宜蘭新月門市,宜蘭縣宜蘭市民權路二段38巷6號1F（蘭城新月廣場）,24.754376,121.750026,已核對（門市名稱、地址與地圖落點）,官方門市地址＋Google Maps 門市搜尋,0.0,False,https://www.google.com/maps/search/?api=1&query=%E7%84%A1%E5%8D%B0%E8%89%AF%E5%93%81%20%E5%AE%9C%E8%98%AD%E6%96%B0%E6%9C%88%E9%96%80%E5%B8%82%20%E5%AE%9C%E8%98%AD%E7%B8%A3%E5%AE%9C%E8%98%AD%E5%B8%82%E6%B0%91%E6%AC%8A%E8%B7%AF%E4%BA%8C%E6%AE%B538%E5%B7%B76%E8%99%9F1F%EF%BC%88%E8%98%AD%E5%9F%8E%E6%96%B0%E6%9C%88%E5%BB%A3%E5%A0%B4%EF%BC%89,2026-09-11
無印良品,無印良品 花蓮遠東門市,花蓮縣花蓮市和平路581號B1（花蓮遠東百貨）,23.978381,121.599729,已核對（門市名稱、地址與地圖落點）,官方門市地址＋Google Maps 門市搜尋,0.0,False,https://www.google.com/maps/search/?api=1&query=%E7%84%A1%E5%8D%B0%E8%89%AF%E5%93%81%20%E8%8A%B1%E8%93%AE%E9%81%A0%E6%9D%B1%E9%96%80%E5%B8%82%20%E8%8A%B1%E8%93%AE%E7%B8%A3%E8%8A%B1%E8%93%AE%E5%B8%82%E5%92%8C%E5%B9%B3%E8%B7%AF581%E8%99%9FB1%EF%BC%88%E8%8A%B1%E8%93%AE%E9%81%A0%E6%9D%B1%E7%99%BE%E8%B2%A8%EF%BC%89,2026-09-11
無印良品,無印良品 台東門市,台東縣台東市中山路328號3-5F（全聯台東中山旗艦店複合）,22.754281,121.149365,已核對（門市名稱、地址與地圖落點）,官方門市地址＋Google Maps 門市搜尋,0.0,False,https://www.google.com/maps/search/?api=1&query=%E7%84%A1%E5%8D%B0%E8%89%AF%E5%93%81%20%E5%8F%B0%E6%9D%B1%E9%96%80%E5%B8%82%20%E5%8F%B0%E6%9D%B1%E7%B8%A3%E5%8F%B0%E6%9D%B1%E5%B8%82%E4%B8%AD%E5%B1%B1%E8%B7%AF328%E8%99%9F3-5F%EF%BC%88%E5%85%A8%E8%81%AF%E5%8F%B0%E6%9D%B1%E4%B8%AD%E5%B1%B1%E6%97%97%E8%89%A6%E5%BA%97%E8%A4%87%E5%90%88%EF%BC%89,2026-09-11
IKEA,IKEA 台北城市店-小巨蛋,台北市松山區敦化北路100號B1,25.052764,121.548529,已核對（門市名稱、地址與地圖落點）,官方門市地址＋Google Maps 門市搜尋,0.0,False,https://www.google.com/maps/search/?api=1&query=IKEA%20%E5%8F%B0%E5%8C%97%E5%9F%8E%E5%B8%82%E5%BA%97-%E5%B0%8F%E5%B7%A8%E8%9B%8B%20%E5%8F%B0%E5%8C%97%E5%B8%82%E6%9D%BE%E5%B1%B1%E5%8D%80%E6%95%A6%E5%8C%96%E5%8C%97%E8%B7%AF100%E8%99%9FB1,2026-09-11
IKEA,IKEA 台北內湖店,台北市內湖區舊宗路一段128號,25.060963,121.57832,已核對（門市名稱、地址與地圖落點）,官方門市地址＋Google Maps 門市搜尋,0.0,False,https://www.google.com/maps/search/?api=1&query=IKEA%20%E5%8F%B0%E5%8C%97%E5%85%A7%E6%B9%96%E5%BA%97%20%E5%8F%B0%E5%8C%97%E5%B8%82%E5%85%A7%E6%B9%96%E5%8D%80%E8%88%8A%E5%AE%97%E8%B7%AF%E4%B8%80%E6%AE%B5128%E8%99%9F,2026-09-11
IKEA,IKEA 新北新莊店,新北市新莊區中正路1號,25.041909,121.465555,已核對（門市名稱、地址與地圖落點）,官方門市地址＋Google Maps 門市搜尋,0.0,False,https://www.google.com/maps/search/?api=1&query=IKEA%20%E6%96%B0%E5%8C%97%E6%96%B0%E8%8E%8A%E5%BA%97%20%E6%96%B0%E5%8C%97%E5%B8%82%E6%96%B0%E8%8E%8A%E5%8D%80%E4%B8%AD%E6%AD%A3%E8%B7%AF1%E8%99%9F,2026-09-11
IKEA,IKEA 新北新店店,新北市新店區中央路159號3-4樓,24.972221,121.531241,已核對（門市名稱、地址與地圖落點）,官方門市地址＋Google Maps 門市搜尋,0.0,False,https://www.google.com/maps/search/?api=1&query=IKEA%20%E6%96%B0%E5%8C%97%E6%96%B0%E5%BA%97%E5%BA%97%20%E6%96%B0%E5%8C%97%E5%B8%82%E6%96%B0%E5%BA%97%E5%8D%80%E4%B8%AD%E5%A4%AE%E8%B7%AF159%E8%99%9F3-4%E6%A8%93,2026-09-11
IKEA,IKEA 桃園店,桃園市中壢區高鐵站前東路一段1號,25.011866,121.218218,已核對（門市名稱、地址與地圖落點）,官方門市地址＋Google Maps 門市搜尋,0.0,False,https://www.google.com/maps/search/?api=1&query=IKEA%20%E6%A1%83%E5%9C%92%E5%BA%97%20%E6%A1%83%E5%9C%92%E5%B8%82%E4%B8%AD%E5%A3%A2%E5%8D%80%E9%AB%98%E9%90%B5%E7%AB%99%E5%89%8D%E6%9D%B1%E8%B7%AF%E4%B8%80%E6%AE%B51%E8%99%9F,2026-09-11
IKEA,IKEA 新竹訂購取貨中心,新竹縣竹北市中正東路98號,24.83529,121.0174,已核對（門市名稱、地址與地圖落點）,官方門市地址＋Google Maps 門市搜尋,0.0,False,https://www.google.com/maps/search/?api=1&query=IKEA%20%E6%96%B0%E7%AB%B9%E8%A8%82%E8%B3%BC%E5%8F%96%E8%B2%A8%E4%B8%AD%E5%BF%83%20%E6%96%B0%E7%AB%B9%E7%B8%A3%E7%AB%B9%E5%8C%97%E5%B8%82%E4%B8%AD%E6%AD%A3%E6%9D%B1%E8%B7%AF98%E8%99%9F,2026-09-11
IKEA,IKEA 台中店,台中市南屯區向上路二段168號,24.147326,120.643323,已核對（門市名稱、地址與地圖落點）,官方門市地址＋Google Maps 門市搜尋,0.0,False,https://www.google.com/maps/search/?api=1&query=IKEA%20%E5%8F%B0%E4%B8%AD%E5%BA%97%20%E5%8F%B0%E4%B8%AD%E5%B8%82%E5%8D%97%E5%B1%AF%E5%8D%80%E5%90%91%E4%B8%8A%E8%B7%AF%E4%BA%8C%E6%AE%B5168%E8%99%9F,2026-09-11
IKEA,IKEA 嘉義城市店,嘉義市西區博愛路二段281號B1,23.4785,120.437299,已核對（門市名稱、地址與地圖落點）,官方門市地址＋Google Maps 門市搜尋,0.0,False,https://www.google.com/maps/search/?api=1&query=IKEA%20%E5%98%89%E7%BE%A9%E5%9F%8E%E5%B8%82%E5%BA%97%20%E5%98%89%E7%BE%A9%E5%B8%82%E8%A5%BF%E5%8D%80%E5%8D%9A%E6%84%9B%E8%B7%AF%E4%BA%8C%E6%AE%B5281%E8%99%9FB1,2026-09-11
IKEA,IKEA 高雄店,高雄市前鎮區中華五路1201號,22.605663,120.30395,已核對（門市名稱、地址與地圖落點）,官方門市地址＋Google Maps 門市搜尋,0.0,False,https://www.google.com/maps/search/?api=1&query=IKEA%20%E9%AB%98%E9%9B%84%E5%BA%97%20%E9%AB%98%E9%9B%84%E5%B8%82%E5%89%8D%E9%8E%AE%E5%8D%80%E4%B8%AD%E8%8F%AF%E4%BA%94%E8%B7%AF1201%E8%99%9F,2026-09-11
MR. LIVING 居家先生,MR. LIVING 新北新莊旗艦店,新北市新莊區新北大道四段135號2樓,25.058853,121.446679,已核對（門市名稱、地址與地圖落點）,官方門市地址＋Google Maps 門市搜尋,0.0,False,https://www.google.com/maps/search/?api=1&query=MR.%20LIVING%20%E6%96%B0%E5%8C%97%E6%96%B0%E8%8E%8A%E6%97%97%E8%89%A6%E5%BA%97%20%E6%96%B0%E5%8C%97%E5%B8%82%E6%96%B0%E8%8E%8A%E5%8D%80%E6%96%B0%E5%8C%97%E5%A4%A7%E9%81%93%E5%9B%9B%E6%AE%B5135%E8%99%9F2%E6%A8%93,2026-09-11
MR. LIVING 居家先生,MR. LIVING 台北內湖門市,台北市內湖區民權東路六段15巷29號3樓,25.068572,121.578273,已核對（門市名稱、地址與地圖落點）,官方門市地址＋Google Maps 門市搜尋,0.0,False,https://www.google.com/maps/search/?api=1&query=MR.%20LIVING%20%E5%8F%B0%E5%8C%97%E5%85%A7%E6%B9%96%E9%96%80%E5%B8%82%20%E5%8F%B0%E5%8C%97%E5%B8%82%E5%85%A7%E6%B9%96%E5%8D%80%E6%B0%91%E6%AC%8A%E6%9D%B1%E8%B7%AF%E5%85%AD%E6%AE%B515%E5%B7%B729%E8%99%9F3%E6%A8%93,2026-09-11
MR. LIVING 居家先生,MR. LIVING 新竹竹北門市,新竹縣竹北市光明六路東一段186號1樓,24.820979,121.02379,已核對（門市名稱、地址與地圖落點）,官方門市地址＋Google Maps 門市搜尋,0.0,False,https://www.google.com/maps/search/?api=1&query=MR.%20LIVING%20%E6%96%B0%E7%AB%B9%E7%AB%B9%E5%8C%97%E9%96%80%E5%B8%82%20%E6%96%B0%E7%AB%B9%E7%B8%A3%E7%AB%B9%E5%8C%97%E5%B8%82%E5%85%89%E6%98%8E%E5%85%AD%E8%B7%AF%E6%9D%B1%E4%B8%80%E6%AE%B5186%E8%99%9F1%E6%A8%93,2026-09-11
MR. LIVING 居家先生,MR. LIVING 台中黎明門市,台中市南屯區黎明路二段599號,24.159158,120.633837,已核對（門市名稱、地址與地圖落點）,官方門市地址＋Google Maps 門市搜尋,0.0,False,https://www.google.com/maps/search/?api=1&query=MR.%20LIVING%20%E5%8F%B0%E4%B8%AD%E9%BB%8E%E6%98%8E%E9%96%80%E5%B8%82%20%E5%8F%B0%E4%B8%AD%E5%B8%82%E5%8D%97%E5%B1%AF%E5%8D%80%E9%BB%8E%E6%98%8E%E8%B7%AF%E4%BA%8C%E6%AE%B5599%E8%99%9F,2026-09-11
MR. LIVING 居家先生,MR. LIVING 台南崇善門市,台南市東區崇善路23號2樓,22.982126,120.221229,已核對（門市名稱、地址與地圖落點）,官方門市地址＋Google Maps 門市搜尋,0.0,False,https://www.google.com/maps/search/?api=1&query=MR.%20LIVING%20%E5%8F%B0%E5%8D%97%E5%B4%87%E5%96%84%E9%96%80%E5%B8%82%20%E5%8F%B0%E5%8D%97%E5%B8%82%E6%9D%B1%E5%8D%80%E5%B4%87%E5%96%84%E8%B7%AF23%E8%99%9F2%E6%A8%93,2026-09-11
MR. LIVING 居家先生,MR. LIVING 高雄巨蛋門市,高雄市左營區新莊一路393號2樓,22.67083,120.302512,已核對（門市名稱、地址與地圖落點）,官方門市地址＋Google Maps 門市搜尋,0.0,False,https://www.google.com/maps/search/?api=1&query=MR.%20LIVING%20%E9%AB%98%E9%9B%84%E5%B7%A8%E8%9B%8B%E9%96%80%E5%B8%82%20%E9%AB%98%E9%9B%84%E5%B8%82%E5%B7%A6%E7%87%9F%E5%8D%80%E6%96%B0%E8%8E%8A%E4%B8%80%E8%B7%AF393%E8%99%9F2%E6%A8%93,2026-09-11
